,Event times,Fitted stations,Moveout intercept,Moveout slope (s/km),Event?,
0,2011-06-24T16:34:01.680000Z,6,-1.332421116,0.537619255,Y,
1,2011-06-24T16:37:05.300000Z,6,-0.563276999,0.311069732,Y,
2,2011-06-24T16:40:53.470000Z,8,-5.139587501,0.918281796,Y,
3,2011-06-24T17:18:26.470000Z,3,-16.95934986,-0.681309893,N,
4,2011-06-24T17:49:56.310000Z,8,-2.562241791,0.072238013,?,
5,2011-06-24T18:25:28.420000Z,3,-41.25145634,3.999226284,?,
6,2011-06-24T18:28:31.350000Z,3,-6.661565289,1.34056188,N,
7,2011-06-24T18:44:38.350000Z,3,-32.20334012,-0.432964752,?,
8,2011-06-24T18:47:18.580000Z,4,7.677854204,-0.768096006,?,
9,2011-06-24T20:01:15.830000Z,3,-33.40477629,-0.440830456,N,
10,2011-06-24T20:14:08.850000Z,5,-1.899684822,0.300007765,N,
11,2011-06-24T20:17:33.380000Z,4,3.01285928,-0.113095403,N,
12,2011-06-24T20:38:08.270000Z,4,-4.824259058,0.79786839,N,
13,2011-06-24T22:17:36.650300Z,7,2.072341196,0.226641988,Y,
14,2011-06-24T23:39:37.490300Z,5,-3.245751409,-0.093259549,N,
15,2011-06-24T23:58:21.790300Z,3,-122.7921968,-0.918548706,N,
16,2011-06-25T00:19:43.740500Z,3,6.448456864,-0.637193278,?,
17,2011-06-25T00:24:02.900500Z,3,-65.11912665,0.606625979,N,
18,2011-06-25T00:44:46.840500Z,5,-4.750220976,0.523421178,N,
19,2011-06-25T01:30:49.590500Z,5,3.236735036,-0.364567301,?,
20,2011-06-25T02:02:38.110500Z,5,-2.213691781,0.338876371,?,
21,2011-06-25T02:10:11.440500Z,4,-2.765463057,0.291829504,N,
22,2011-06-25T02:18:47.270500Z,6,-3.309099311,0.433016872,?,
23,2011-06-25T03:04:27.640300Z,3,-16.84061255,0.167822874,N,
24,2011-06-25T04:02:30.500000Z,5,5.544016957,-0.299269354,?,
25,2011-06-25T04:34:11.810000Z,4,6.346422106,-0.724666999,N,
26,2011-06-25T05:38:18.030000Z,6,4.10715747,-0.377115762,N,
27,2011-06-25T05:57:38.300000Z,3,-108.3162752,12.71054286,N,
28,2011-06-25T06:14:48.650000Z,5,5.350088363,-0.563045277,?,
29,2011-06-25T06:19:41.180000Z,4,-1.135893862,0.076169724,?,
30,2011-06-25T06:40:38.920000Z,6,5.591210662,-0.679070981,N,
31,2011-06-25T06:57:27.120000Z,3,-102.2117001,1.455046176,?,
32,2011-06-25T07:08:19.610000Z,3,-75.39345831,9.063503312,?,
33,2011-06-25T07:28:10.700000Z,6,0.658996203,0.231666354,?,
34,2011-06-25T08:14:21.440000Z,8,-1.544233245,0.375729378,?,
35,2011-06-25T09:25:10.170000Z,5,0.859752389,-0.20806249,?,
36,2011-06-25T09:45:13.880000Z,3,11.90996998,-0.943822726,?,
37,2011-06-25T09:53:07.830000Z,6,5.761160068,-0.606768085,?,
38,2011-06-25T10:08:11.970000Z,5,1.143879907,-0.016509164,N,
39,2011-06-25T11:32:58.090000Z,5,3.3987445,-0.122945257,?,
40,2011-06-25T11:43:56.390000Z,5,5.04034947,-0.468325675,?,
41,2011-06-25T12:03:29.650000Z,4,6.248030261,-0.17944651,N,
42,2011-06-25T12:27:04.060000Z,4,6.812487034,-0.760106292,N,
43,2011-06-25T12:33:43.840000Z,4,-1.411758259,0.12454838,N,
44,2011-06-25T12:53:00.590000Z,5,0.201213849,-0.056476438,?,
45,2011-06-25T12:54:55.740000Z,4,-1.378540589,1.635735269,?,
46,2011-06-25T13:07:12.250000Z,5,1.427405184,0.189516473,N,
47,2011-06-25T13:58:10.270000Z,4,-29.48433232,-0.824100307,N,
48,2011-06-25T14:14:39.560000Z,5,-0.343076194,0.043448368,?,
49,2011-06-25T14:16:17.750000Z,4,-98.93685794,0.028623097,N,
50,2011-06-25T14:32:28.260000Z,3,5.670242805,-0.298124698,N,
51,2011-06-25T14:37:50.630000Z,7,2.414753114,-0.197834301,*,Yes
52,2011-06-25T14:49:52.990000Z,5,-4.298155544,1.062916505,N,
53,2011-06-25T15:04:17.400000Z,6,-2.210081044,0.189456548,?,
54,2011-06-25T15:12:07.370000Z,4,-1.046900107,0.016707342,N,
55,2011-06-25T15:20:40.700000Z,10,0.044408887,0.508377302,Y,
56,2011-06-25T15:31:41.510000Z,3,9.059220452,-0.99467046,?,
57,2011-06-25T15:51:52.010000Z,4,8.029683005,-0.755350396,?,
58,2011-06-25T16:14:42.110000Z,3,-28.66117606,1.504231323,Y,
59,2011-06-25T16:25:48.310000Z,4,-11.56025064,0.205006296,?,
60,2011-06-25T16:36:59.370000Z,6,0.820095061,-0.075477194,N,
61,2011-06-25T18:20:45.900000Z,5,-3.932873723,0.610458127,N,
62,2011-06-25T18:22:01.310000Z,5,-79.23029653,0.519004675,N,
63,2011-06-25T18:44:51.260000Z,4,-3.309672233,0.289941406,N,
64,2011-06-25T18:47:52.000000Z,3,-107.4306779,-0.891065203,N,
65,2011-06-25T18:59:31.120000Z,4,2.29635896,-0.209110695,N,
66,2011-06-25T19:23:06.100000Z,5,87.43876124,0.608236458,N,
67,2011-06-25T19:33:09.850000Z,4,-0.404573086,-0.516137686,N,
68,2011-06-25T20:34:46.340000Z,6,-0.333313568,-0.002657819,?,
69,2011-06-25T20:56:48.560000Z,3,7.199080063,-0.801125132,N,
70,2011-06-25T21:29:04.375000Z,10,-14.3596592,0.021273789,N,
71,2011-06-25T21:57:24.910000Z,5,10.95278237,-0.822405679,N,
72,2011-06-25T22:06:25.330900Z,7,4.903826146,-0.251255399,?,
73,2011-06-25T22:35:56.440400Z,4,-3.942783223,0.279803487,N,
74,2011-06-25T22:39:21.500200Z,3,-44.95956833,0.641552475,N,
75,2011-06-25T22:50:47.290300Z,6,-0.592607262,0.291703661,Y,
76,2011-06-25T22:54:11.880400Z,6,-85.72853,0.384363658,?,
77,2011-06-25T23:04:33.420300Z,7,-4.471658877,0.588283404,Y,
78,2011-06-25T23:27:02.630300Z,6,4.602430474,-0.290764831,?,
79,2011-06-25T23:46:02.110400Z,6,-3.76788277,0.219974975,?,
80,2011-06-25T23:47:57.000300Z,7,-6.672317214,1.46178245,Y,
81,2011-06-25T23:54:43.890300Z,4,8.931619431,-0.980330763,?,
82,2011-06-26T00:05:47.960200Z,3,70.17937951,0.476507965,N,
83,2011-06-26T00:13:35.290400Z,3,-25.372531,-0.004323865,N,
84,2011-06-26T00:27:08.470300Z,3,7.794697327,-0.816143407,?,
85,2011-06-26T01:01:14.680300Z,7,-1.800148724,0.373860163,Y,
86,2011-06-26T01:07:27.540300Z,7,-0.00463235,0.414692782,?,
87,2011-06-26T01:14:53.490400Z,4,-2.381015787,0.303280524,N,
88,2011-06-26T01:18:39.010300Z,5,1.117725657,-0.154249843,N,
89,2011-06-26T01:28:51.000300Z,8,1.272155089,0.293379385,Y,
90,2011-06-26T01:58:38.790400Z,3,-2.730255356,0.449650776,N,
91,2011-06-26T02:52:59.010300Z,5,2.172540836,-0.404660225,,
92,2011-06-26T03:24:11.810400Z,3,-41.1901155,0.761875612,,
93,2011-06-26T03:52:38.380400Z,6,-1.707298997,0.169174311,,
94,2011-06-26T03:55:44.740300Z,5,-2.310195865,0.512460212,,
95,2011-06-26T04:32:57.690500Z,5,-4.011470863,0.481685108,,
96,2011-06-26T04:49:30.890400Z,5,0.141827035,0.022002212,,
97,2011-06-26T05:01:01.630400Z,5,0.602353986,-0.126504332,,
98,2011-06-26T05:03:46.780400Z,5,8.783386325,-0.212110452,,
99,2011-06-26T05:14:14.150500Z,3,-55.62554457,0.647005153,,
100,2011-06-26T06:37:21.170500Z,5,-3.675015687,0.067398396,,
101,2011-06-26T07:13:15.080400Z,6,0.298780609,0.026256826,,
102,2011-06-26T07:28:13.500400Z,4,-3.045153651,0.444356315,,
103,2011-06-26T07:41:37.480500Z,4,-0.045682417,-0.336509164,,
104,2011-06-26T08:49:20.680400Z,5,0.305018951,0.047626449,,
105,2011-06-26T08:58:13.190400Z,3,-1.269892819,-0.124929299,,
106,2011-06-26T09:28:44.210500Z,4,-2.613608163,0.533544413,,
107,2011-06-26T09:32:08.080500Z,10,-37.55981325,0.10966174,,
108,2011-06-26T09:37:47.210500Z,6,4.234986832,-0.502420696,,
109,2011-06-26T10:04:16.104700Z,5,3.299044421,-0.437568079,,
110,2011-06-26T10:16:23.509200Z,5,-0.555422548,0.301392013,,
111,2011-06-26T10:35:09.654700Z,6,6.022435058,-0.782216134,,
112,2011-06-26T10:56:36.184700Z,4,-3.220098652,0.450157905,,
113,2011-06-26T11:13:34.369200Z,8,-3.690868296,0.296115709,,
114,2011-06-26T11:23:56.629200Z,4,-10.78140582,1.503416129,,
115,2011-06-26T11:56:49.074700Z,5,2.518145585,-0.602758306,,
116,2011-06-26T12:00:13.179200Z,5,0.088223171,-0.142455446,,
117,2011-06-26T12:38:21.664700Z,3,-73.80076403,0.174918787,,
118,2011-06-26T14:11:38.250000Z,7,-0.460190728,0.225197718,,
119,2011-06-26T15:54:30.894700Z,4,-38.2416803,0.453934101,,
120,2011-06-26T16:45:28.529900Z,6,-3.733930864,0.228476919,,
121,2011-06-26T17:47:16.829900Z,5,3.793893209,-0.875831046,,
122,2011-06-26T17:56:45.009900Z,4,-52.27921358,0.032062035,,
123,2011-06-26T18:01:12.099900Z,4,-0.302052746,-0.026465059,,
124,2011-06-26T18:45:41.789900Z,4,-0.208292224,0.400373444,,
125,2011-06-26T19:02:25.499900Z,3,7.194764054,-0.671136981,,
126,2011-06-26T19:26:29.129900Z,5,-0.080094159,0.005571591,,
127,2011-06-26T19:46:18.129900Z,4,-77.62678184,-0.156597938,,
128,2011-06-26T19:56:59.709900Z,6,-2.893385263,0.145465172,,
129,2011-06-26T20:14:27.029900Z,8,-1.037329306,0.481474865,,
130,2011-06-26T20:39:20.629900Z,6,-1.668723196,0.15356589,,
131,2011-06-26T20:46:34.829900Z,3,-19.02669247,0.065681333,,
132,2011-06-26T21:03:15.509900Z,3,2.071413644,-0.167940131,,
133,2011-06-26T21:15:32.540000Z,3,-80.15077127,0.03436405,,
134,2011-06-26T22:09:50.549900Z,4,0.096856468,-0.629016395,,
135,2011-06-26T22:17:23.789900Z,3,-29.02640712,-0.607362248,,
136,2011-06-26T22:23:35.679900Z,3,-77.22467277,0.738821412,,
137,2011-06-26T22:29:51.579900Z,5,4.665575935,-0.399553403,Y,
138,2011-06-26T22:33:28.039900Z,5,-1.907669184,0.207091002,,
139,2011-06-26T23:17:51.608400Z,3,-82.11643783,9.914730131,,
140,2011-06-26T23:28:14.649900Z,6,-0.113551872,0.169281769,,
141,2011-06-26T23:52:42.329900Z,4,-2.901989057,0.324646895,,
142,2011-06-26T23:55:06.859900Z,4,-0.290927926,-0.082208745,,
143,2011-06-26T23:59:17.039900Z,3,-47.99673776,-0.240974846,,
144,2011-06-27T00:21:15.099900Z,4,-0.567286878,-0.031734288,,
145,2011-06-27T00:24:36.919900Z,4,0.213514561,-0.0015431,,
146,2011-06-27T00:27:33.259900Z,3,-20.60640787,2.199781694,,
147,2011-06-27T00:44:04.215000Z,4,-92.13732101,-0.277955292,,
148,2011-06-27T01:13:43.990000Z,4,10.11754631,-0.628114106,,
149,2011-06-27T01:43:51.589900Z,6,1.617346421,-0.044703398,,
150,2011-06-27T01:53:24.545000Z,3,-34.89337621,4.037147167,,
151,2011-06-27T02:54:35.409900Z,4,8.195912583,-0.85320022,,
152,2011-06-27T03:00:21.479900Z,5,-3.762826061,0.478636951,,
153,2011-06-27T03:23:59.919900Z,3,6.0161577,-0.078153786,,
154,2011-06-27T03:59:06.929900Z,4,-0.536538857,0.373336243,,
155,2011-06-27T04:40:28.069900Z,3,-96.61626102,0.304580719,,
156,2011-06-27T04:57:35.119900Z,6,-2.490107936,0.104495418,,
157,2011-06-27T06:07:12.489900Z,7,-3.185023989,0.466695934,,
158,2011-06-27T07:30:18.529900Z,4,-5.756058784,0.623843386,,
159,2011-06-27T08:42:29.199900Z,5,-4.762653927,0.472169038,,
160,2011-06-27T09:35:39.799900Z,7,-27.89602078,0.258853363,,
161,2011-06-27T09:44:25.640000Z,4,57.8167664,0.442499644,Y,
162,2011-06-27T09:55:53.119900Z,3,-26.85812131,0.174518247,,
163,2011-06-27T11:45:50.960000Z,7,0.991872308,0.125033484,,
164,2011-06-27T12:20:35.800000Z,6,0.261170171,0.454539028,,
165,2011-06-27T13:52:42.090000Z,3,-141.2549856,17.62614941,,
166,2011-06-27T14:10:10.270000Z,3,25.33272351,0.507324217,,
167,2011-06-27T15:17:43.610000Z,3,-1.35408063,-0.090466153,,
168,2011-06-27T16:05:39.720000Z,4,-94.19002477,0.303130321,,
169,2011-06-27T16:24:25.920000Z,6,-1.052339195,0.095566282,,
170,2011-06-27T16:40:50.258400Z,3,9.96538458,0.961610748,,
171,2011-06-27T17:05:39.055000Z,7,-0.001081318,-0.169279575,,
172,2011-06-27T17:29:03.120000Z,5,1.088684258,-0.242834131,,
173,2011-06-27T17:57:52.510000Z,5,-28.21171799,0.540753387,,
174,2011-06-27T18:25:10.420000Z,3,19.52725959,0.214624786,,
175,2011-06-27T18:38:45.510000Z,3,95.90135588,-0.744059802,,
176,2011-06-27T18:45:45.060000Z,5,32.65605955,0.253737652,,
177,2011-06-27T18:49:55.460000Z,6,0.234704951,0.218300064,,
178,2011-06-27T18:56:47.610000Z,8,-3.971666161,0.868180631,Y,
179,2011-06-27T19:15:23.370000Z,4,13.34618609,0.112611523,Y,
180,2011-06-27T19:33:29.380000Z,5,0.589713738,-0.084326841,,
181,2011-06-27T19:49:15.230000Z,5,-2.339370171,0.275473455,,
182,2011-06-27T20:05:02.580000Z,3,-103.6125914,12.78879743,,
183,2011-06-27T20:12:00.860000Z,5,-0.704135917,0.356659364,,
184,2011-06-27T20:35:10.340000Z,6,-1.97114909,0.296422286,,
185,2011-06-27T20:37:34.070000Z,6,-1.649224309,0.010933323,,
186,2011-06-27T20:40:20.900000Z,6,-4.910243714,0.425767605,,
187,2011-06-27T20:54:56.310000Z,4,-3.585663735,0.328740318,,
188,2011-06-27T21:30:16.350000Z,5,-37.63118956,0.083723001,,
189,2011-06-27T21:33:33.370000Z,5,9.371804094,-0.493515748,Y,
190,2011-06-27T23:12:39.199900Z,4,-1.320968175,-0.148385278,,
191,2011-06-27T23:34:01.348400Z,9,-1.222035187,-0.079364953,,
192,2011-06-27T23:39:11.500000Z,5,0.018977602,0.023899872,,
193,2011-06-28T00:29:51.279900Z,5,-4.29828521,0.076026954,,
194,2011-06-28T01:09:19.419900Z,6,-4.957073012,0.512664104,,
195,2011-06-28T01:35:49.269900Z,4,-47.74366759,0.343707544,,
196,2011-06-28T02:04:54.909900Z,4,-0.342210296,-0.155269972,,
197,2011-06-28T02:49:22.649900Z,4,-0.08082188,-0.256835874,,
198,2011-06-28T03:00:33.669900Z,7,1.430510945,-0.173822915,,
199,2011-06-28T03:38:05.949900Z,6,-1.086954681,0.264646854,Y,
200,2011-06-28T03:53:32.499900Z,4,9.535298337,-0.929832327,,
201,2011-06-28T04:08:27.189900Z,4,-1.69276295,0.42125948,,
202,2011-06-28T04:29:28.839900Z,8,1.812402097,0.255350899,Y,
203,2011-06-28T04:47:59.329900Z,6,-2.027417264,0.333130607,,
204,2011-06-28T06:25:17.250000Z,3,-109.781512,13.24686016,,
205,2011-06-28T06:53:17.099900Z,6,-0.594684188,0.06557253,,
206,2011-06-28T06:59:51.288400Z,4,-18.51911124,4.525823081,,
207,2011-06-28T07:02:18.810000Z,4,-6.005442642,6.985366233,,
208,2011-06-28T07:42:28.858400Z,5,-57.44916691,0.215448503,,
209,2011-06-28T09:28:02.089900Z,6,5.170770026,-0.500532359,,
210,2011-06-28T09:54:12.789900Z,4,4.821142552,-0.762373368,,
211,2011-06-28T10:22:01.501000Z,4,-23.66207223,-0.376539299,,
212,2011-06-28T10:44:22.831000Z,3,-77.74410048,-0.249408614,,
213,2011-06-28T10:46:36.811000Z,4,4.107349195,-0.725968609,,
214,2011-06-28T11:18:14.101000Z,5,-99.64503992,0.452726085,,
215,2011-06-28T11:23:28.771000Z,4,-3.596546058,0.452650728,,
216,2011-06-28T11:31:42.381000Z,3,9.216624741,-0.89066766,,
217,2011-06-28T11:47:31.831000Z,4,-2.559217569,-0.130463012,,
218,2011-06-28T12:10:19.361000Z,6,-1.660875689,0.228126134,,
219,2011-06-28T12:30:13.220000Z,5,61.8072752,-0.897501283,,
220,2011-06-28T12:46:52.771000Z,7,1.373163256,0.024199654,,
221,2011-06-28T12:50:15.571000Z,3,-16.64356248,1.934167232,,
222,2011-06-28T13:30:18.721000Z,4,4.65737909,-0.039301883,,
223,2011-06-28T14:03:09.151000Z,3,36.38066898,1.35747807,,
224,2011-06-28T14:06:39.950000Z,3,-8.057299044,0.790864281,,
225,2011-06-28T14:22:53.591000Z,5,-5.286379931,-0.261164232,,
226,2011-06-28T15:19:54.171000Z,4,2.442518149,-0.599801814,,
227,2011-06-28T15:42:13.291000Z,6,-3.876681471,0.458655388,,
228,2011-06-28T15:53:39.511000Z,3,-51.52886918,0.107438541,,
229,2011-06-28T16:17:38.210700Z,5,1.438578738,0.152283906,Y,
230,2011-06-28T16:31:46.000700Z,4,3.394771267,-0.116921666,,
231,2011-06-28T18:01:24.860700Z,6,-0.93004016,0.313912952,,
232,2011-06-28T18:29:32.210700Z,6,-2.297598501,0.091347844,,
233,2011-06-28T19:16:43.250700Z,4,-1.618088972,0.073471157,,
234,2011-06-28T19:21:13.065000Z,4,-6.699028045,1.209141463,,
235,2011-06-28T19:56:01.270700Z,6,2.01798994,-0.190933914,,
236,2011-06-28T20:09:30.630700Z,6,-1.767723649,0.069079986,,
237,2011-06-28T21:05:07.150700Z,4,-9.184295961,1.116314319,,
238,2011-06-28T21:16:31.470600Z,3,-35.79691368,-0.3546003,,
239,2011-06-28T21:51:20.050700Z,6,-1.153857766,0.34351467,,
240,2011-06-28T22:23:29.180000Z,3,-36.11545935,1.27901113,,
241,2011-06-28T22:25:54.800000Z,6,-5.086342345,0.570677366,,
242,2011-06-28T22:36:02.460000Z,6,4.979653703,-0.555073692,,
243,2011-06-28T23:22:47.070000Z,7,0.076201412,0.261758519,,
244,2011-06-28T23:26:57.250000Z,4,-3.830460361,0.315321404,,
245,2011-06-28T23:53:15.030000Z,3,-14.47397488,1.068135742,,
246,2011-06-29T00:56:48.780000Z,5,-3.064605491,0.312413177,,
247,2011-06-29T01:10:45.330000Z,5,23.49967353,-0.435814692,,
248,2011-06-29T01:53:18.880000Z,3,-41.82071747,0.303740521,,
249,2011-06-29T02:21:39.120000Z,3,7.590121302,-0.478807875,,
250,2011-06-29T03:05:31.230000Z,4,7.863532001,-0.973657706,,
251,2011-06-29T03:15:25.220000Z,3,-0.112309723,0.279008816,,
252,2011-06-29T03:42:03.240000Z,7,-2.92416265,0.888700196,Y,
253,2011-06-29T03:50:25.220000Z,6,-1.7602522,0.396145919,,
254,2011-06-29T05:03:06.620000Z,6,-4.014676059,0.430409905,,
255,2011-06-29T05:22:02.410000Z,3,-140.2612344,16.86362325,,
256,2011-06-29T05:27:30.630000Z,3,-25.50754147,0.23556089,,
257,2011-06-29T05:55:54.450000Z,3,-37.71698161,0.213246753,,
258,2011-06-29T06:04:34.380000Z,4,0.776653134,0.042439771,,
259,2011-06-29T06:45:59.900000Z,3,6.239607288,-0.780491391,,
260,2011-06-29T06:49:20.460000Z,3,8.721472098,-0.798326491,,
261,2011-06-29T07:50:34.210000Z,7,-4.01901399,0.951336388,Y,
262,2011-06-29T08:01:46.840000Z,7,73.96104077,0.714980341,Y,
263,2011-06-29T08:46:08.260000Z,5,-8.263609501,0.490034706,Y,
264,2011-06-29T09:18:30.320000Z,4,-19.36279332,1.7581615,,
265,2011-06-29T09:19:45.660000Z,3,-106.2181075,3.844873678,,
266,2011-06-29T10:27:23.719900Z,4,-1.426718795,0.171274411,,
267,2011-06-29T10:48:23.539900Z,5,-1.092932002,0.382931625,,
268,2011-06-29T11:47:15.229900Z,4,6.496233118,-0.698306178,,
269,2011-06-29T11:51:09.299900Z,6,-0.631798677,0.301255409,,
270,2011-06-29T12:01:24.419900Z,3,-10.0583889,0.285705212,,
271,2011-06-29T12:05:47.699900Z,4,-3.916203625,0.275774996,,
272,2011-06-29T12:29:28.489900Z,4,-0.264062417,0.191585451,,
273,2011-06-29T12:51:42.489900Z,3,8.435531421,-0.196448215,,
274,2011-06-29T13:32:40.199900Z,3,-37.94168619,-0.688346956,,
275,2011-06-29T13:39:02.460000Z,3,-81.17845425,-0.692057448,,
276,2011-06-29T14:45:51.895000Z,3,-66.56349061,-0.969853824,,
277,2011-06-29T15:20:37.749900Z,4,-98.0351882,0.324626556,,
278,2011-06-29T17:09:53.349900Z,3,78.41153464,0.564088031,,
279,2011-06-29T17:26:29.269900Z,6,-2.346656272,0.394814515,,
280,2011-06-29T18:37:15.839900Z,6,4.213785342,-0.244993788,,
281,2011-06-29T18:48:05.779900Z,4,6.892199772,-0.664488367,,
282,2011-06-29T19:04:19.110000Z,5,55.47233432,-0.423481677,,
283,2011-06-29T20:38:08.388400Z,5,-10.63974491,1.228048111,,
284,2011-06-29T23:06:41.509900Z,6,-0.902783444,0.307798201,,
285,2011-06-30T00:35:58.099900Z,4,6.650050522,-0.859307674,,
286,2011-06-30T00:52:59.799900Z,6,4.85104206,-0.380621563,,
287,2011-06-30T00:56:58.709900Z,7,-2.065961616,0.375044441,,
288,2011-06-30T02:11:13.159900Z,7,-0.599503951,0.383281675,,
289,2011-06-30T03:35:59.109900Z,4,9.91699036,-0.925550998,,
290,2011-06-30T03:41:15.829900Z,5,-0.563289825,0.207129894,,
291,2011-06-30T03:53:36.649900Z,6,-5.551386018,0.495707199,,
292,2011-06-30T04:07:09.870000Z,6,-4.705165808,0.37902834,,
293,2011-06-30T04:26:23.670000Z,5,-1.016394159,0.224777569,,
294,2011-06-30T05:19:48.730000Z,6,-0.547603921,0.162534703,,
295,2011-06-30T07:03:08.010000Z,5,0.759632237,0.112212569,,
296,2011-06-30T07:10:10.980000Z,4,4.402889491,-0.994590119,,
297,2011-06-30T07:54:10.440000Z,6,-4.290145266,0.39737371,,
298,2011-06-30T09:00:05.900000Z,5,0.287732508,-0.011954561,,
299,2011-06-30T09:22:48.570000Z,5,-1.834871785,0.311443115,,
300,2011-06-30T10:23:53.820000Z,4,-0.537202254,0.166800788,,
301,2011-06-30T10:40:14.530000Z,7,-4.515488621,0.573032887,,
302,2011-06-30T11:23:04.910000Z,5,-6.629386427,0.776318798,,
303,2011-06-30T11:33:16.310000Z,7,-2.186783231,0.329383681,,
304,2011-06-30T11:38:31.330000Z,4,-0.08246902,0.045843198,,
305,2011-06-30T12:16:52.760000Z,4,-0.636124644,-0.041004237,,
306,2011-06-30T12:41:07.810000Z,6,4.386498525,-0.344465981,,
307,2011-06-30T12:43:55.690000Z,3,7.096558405,-0.954587182,,
308,2011-06-30T13:13:34.660000Z,3,-0.111167048,-0.194973837,,
309,2011-06-30T14:55:03.970000Z,5,-1.690305978,0.300646888,,
310,2011-06-30T14:58:26.040000Z,5,-2.83604385,0.308084281,,
311,2011-06-30T15:29:34.680000Z,5,3.356952937,-0.252476104,,
312,2011-06-30T16:14:49.460000Z,5,-2.25404088,0.313843236,,
313,2011-06-30T16:32:29.960000Z,4,6.013802853,-0.607569156,,
314,2011-06-30T16:53:38.880000Z,5,-3.467409291,0.39266146,,
315,2011-06-30T18:27:12.080000Z,5,-3.163236945,1.220182266,,
316,2011-06-30T19:09:15.730000Z,6,6.263542778,-0.70974217,,
317,2011-06-30T19:16:49.700000Z,3,-59.10291541,0.122702917,,
318,2011-06-30T19:24:41.800000Z,5,4.856637223,-0.561633517,,
319,2011-06-30T19:50:57.280000Z,3,-38.63548459,0.169571719,,
320,2011-06-30T20:23:46.190000Z,6,-0.610315051,-0.257952424,,
321,2011-06-30T20:39:48.000000Z,3,-13.37375358,1.284290444,,
322,2011-06-30T21:26:07.360000Z,6,-1.981212184,0.217372017,,
323,2011-06-30T21:44:14.388400Z,5,6.027253948,-0.66591468,,
324,2011-06-30T22:37:36.019900Z,4,-1.297981852,0.316966597,,
325,2011-06-30T22:46:03.809900Z,4,1.319345023,-0.05345309,,
326,2011-06-30T23:52:49.229900Z,4,1.421166072,-0.31845963,,
327,2011-06-30T23:58:14.799900Z,4,-1.567265996,0.225920129,,
328,2011-07-01T00:01:19.309900Z,7,-4.634113001,0.661066189,,
329,2011-07-01T00:19:52.379900Z,7,-1.439056308,0.649924981,Y,
330,2011-07-01T00:22:48.279900Z,5,2.990091305,-0.043842686,,
331,2011-07-01T00:25:02.339900Z,4,-2.397047879,0.31076251,,
332,2011-07-01T00:41:44.499900Z,6,-6.227848215,0.862713835,,
333,2011-07-01T01:12:46.929900Z,3,-148.916044,3.806670101,,
334,2011-07-01T02:08:39.029900Z,6,-1.430430368,0.325439405,,
335,2011-07-01T02:15:22.269900Z,4,-1.837571022,0.607905835,,
336,2011-07-01T02:33:42.519900Z,4,-1.511946889,0.236228589,,
337,2011-07-01T02:36:07.839900Z,6,3.121241841,-0.05153603,,
338,2011-07-01T03:07:40.769900Z,4,-0.806478486,0.242977944,,
339,2011-07-01T03:31:45.468400Z,6,-0.111262821,0.382483974,Y,
340,2011-07-01T03:49:51.479900Z,6,-0.213904236,0.180939826,,
341,2011-07-01T04:22:43.450700Z,5,0.332595287,0.239446318,,
342,2011-07-01T06:04:24.940600Z,6,-3.353683759,-0.055837134,,
343,2011-07-01T06:14:09.030700Z,3,-17.86856159,2.471234274,Y,
344,2011-07-01T06:34:23.130600Z,3,7.07838211,-0.779999852,,
345,2011-07-01T06:47:23.290700Z,3,-71.01818801,8.817172009,,
346,2011-07-01T07:47:11.660600Z,5,-7.752709475,0.964127348,,
347,2011-07-01T09:13:38.370600Z,3,76.2842586,0.216090048,,
348,2011-07-01T09:18:12.280700Z,3,11.90410688,-0.593335232,,
349,2011-07-01T10:12:24.040000Z,5,-1.50081859,0.223427306,,
350,2011-07-01T10:16:13.280000Z,4,12.1907324,-0.896757075,Y,
351,2011-07-01T10:20:40.520000Z,6,-2.705778821,0.32825255,,
352,2011-07-01T10:27:37.960000Z,6,-2.47684308,0.344775965,,
353,2011-07-01T11:08:21.790000Z,7,3.432518871,-0.403068935,,
354,2011-07-01T11:34:17.680000Z,3,8.124788954,-0.991021831,,
355,2011-07-01T11:59:01.980000Z,4,2.82464685,-0.551386059,,
356,2011-07-01T12:06:06.830000Z,9,-3.781938852,0.339786362,,
357,2011-07-01T13:48:14.590000Z,5,-1.674971659,0.204648045,,
358,2011-07-01T14:40:52.130000Z,4,-45.14114136,-0.562231987,,
359,2011-07-01T14:48:20.190000Z,5,-0.881535369,0.326029218,,
360,2011-07-01T15:10:34.620000Z,3,-10.46833051,-0.071992988,,
361,2011-07-01T15:33:43.490000Z,4,0.686882652,0.178811939,,
362,2011-07-01T15:49:27.330000Z,6,1.080513033,0.091564671,,
363,2011-07-01T17:07:09.449900Z,8,1.867945734,-0.358334089,,
364,2011-07-01T17:28:29.159900Z,5,-0.355677953,-0.059764744,,
365,2011-07-01T17:32:15.899900Z,5,8.195681579,-0.756993128,,
366,2011-07-01T17:40:04.089900Z,3,-13.40654758,1.167746786,Y,
367,2011-07-01T18:02:41.219900Z,3,1.185617875,-0.712482122,,
368,2011-07-01T18:08:10.369900Z,4,4.014512032,-0.693833276,,
369,2011-07-01T18:23:52.889900Z,4,-62.62809629,0.339718434,,
370,2011-07-01T18:36:38.149900Z,6,-2.070026498,0.115967718,,
371,2011-07-01T18:38:35.519900Z,3,-3.737718568,0.084006302,,
372,2011-07-01T18:44:34.129900Z,4,-81.44154907,1.925859382,,
373,2011-07-01T19:25:45.099900Z,4,-16.54096139,0.089514818,Y,
374,2011-07-01T19:41:23.469900Z,3,-86.35510959,1.687101486,,
375,2011-07-01T21:34:40.039900Z,3,-14.3455442,0.136236831,,
376,2011-07-01T22:02:42.849900Z,5,-3.336289021,0.43460789,,
377,2011-07-01T22:28:36.049900Z,4,-81.30382584,-0.790719267,,
378,2011-07-01T22:43:27.899900Z,6,-8.743599216,-0.83545095,Y,
379,2011-07-01T22:52:49.459900Z,7,-0.172061151,0.125631382,Y,
380,2011-07-01T23:17:32.559900Z,4,4.721578881,-0.169982722,,
381,2011-07-01T23:21:10.445000Z,8,-4.840580958,0.325737483,,
382,2011-07-01T23:27:26.989900Z,6,7.296091401,-0.489124162,,
383,2011-07-01T23:30:06.569900Z,8,-6.438408418,0.785529432,Y,
384,2011-07-01T23:41:38.959900Z,3,-81.66134678,0.438727224,,
385,2011-07-02T00:31:24.619900Z,4,-84.01663442,-0.738227668,,
386,2011-07-02T02:17:55.329900Z,3,63.12504582,0.016412412,,
387,2011-07-02T02:54:58.959900Z,3,-52.01457437,-0.179667002,,
388,2011-07-02T03:24:48.669900Z,6,1.515393377,0.215235792,Y,
389,2011-07-02T03:30:27.349900Z,6,4.047352686,-0.586951443,,
390,2011-07-02T03:59:12.504800Z,3,11.69413768,-0.676213661,,
391,2011-07-02T04:28:23.142900Z,4,-0.020347133,-0.098463522,,
392,2011-07-02T05:27:09.032900Z,6,1.257323095,0.143044551,,
393,2011-07-02T05:50:28.702900Z,3,-119.4206711,14.86795464,,
394,2011-07-02T06:37:20.425500Z,3,-1.701436955,-0.99179478,,
395,2011-07-02T07:09:18.154800Z,5,-5.632661427,0.417442154,,
396,2011-07-02T07:52:12.514800Z,6,2.060859982,-0.18669523,,
397,2011-07-02T08:17:22.582900Z,6,-4.281892021,0.322392365,,
398,2011-07-02T08:54:02.464800Z,7,-3.384190483,0.472077599,,
399,2011-07-02T09:28:10.544800Z,3,1.154502487,-0.704368486,,
400,2011-07-02T09:32:18.042900Z,4,-0.889308955,0.463678911,,
401,2011-07-02T10:08:02.270000Z,4,-90.73153711,-0.375265197,,
402,2011-07-02T10:32:43.479900Z,6,-0.207997069,-0.18241808,,
403,2011-07-02T10:38:06.249900Z,8,-0.66870165,0.517883689,Y,
404,2011-07-02T11:05:05.379900Z,6,-1.395488403,0.915814448,Y,
405,2011-07-02T11:17:43.099900Z,3,-90.8474188,10.48879845,,
406,2011-07-02T11:36:59.999900Z,3,-21.17148196,-0.164985825,,
407,2011-07-02T11:42:06.610000Z,3,-134.668556,16.24382869,,
408,2011-07-02T11:50:35.728400Z,8,-35.59537015,-0.066220056,,
409,2011-07-02T12:30:24.789900Z,5,-1.337488117,0.27619769,,
410,2011-07-02T12:58:00.449900Z,3,-11.04991276,1.710296729,,
411,2011-07-02T13:14:23.829900Z,4,-3.119922382,0.364245328,,
412,2011-07-02T13:59:06.280000Z,4,-8.109078945,0.675474598,,
413,2011-07-02T14:58:16.459900Z,4,6.00679527,-0.925565945,,
414,2011-07-02T15:19:13.599900Z,4,-0.689261054,0.387384798,,
415,2011-07-02T15:23:48.939900Z,4,-16.96383662,0.265736088,,
416,2011-07-02T15:47:47.979900Z,3,-162.0552272,10.85878591,,
417,2011-07-02T16:13:05.880700Z,3,-6.226650809,-0.697654035,Y,
418,2011-07-02T16:25:35.900400Z,8,0.762938797,0.112427082,Y,
419,2011-07-02T16:30:38.960700Z,6,4.019006837,-0.384215197,,
420,2011-07-02T17:08:26.490700Z,4,7.38682236,-0.309951909,,
421,2011-07-02T17:33:37.030700Z,4,15.14711318,-0.872701,,
422,2011-07-02T18:35:39.260700Z,5,4.780177416,-0.753850152,,
423,2011-07-02T18:53:16.370400Z,3,6.759336707,-0.366586893,,
424,2011-07-02T19:40:36.930700Z,7,3.568506401,-0.39362068,,
425,2011-07-02T20:12:09.370700Z,6,-0.296704227,0.203535714,,
426,2011-07-02T20:38:55.800700Z,3,-151.1461446,18.02635264,,
427,2011-07-02T20:46:17.270700Z,5,-0.439468211,-0.287695239,,
428,2011-07-02T20:54:19.800700Z,6,0.005909548,-0.014456495,,
429,2011-07-02T21:41:24.810700Z,3,-100.0020843,2.971279595,,
430,2011-07-02T22:21:54.550000Z,4,-7.947616783,-0.530186731,,
431,2011-07-02T23:05:13.870000Z,5,2.395849933,-0.174963132,,
432,2011-07-02T23:08:37.340000Z,6,-4.735457661,0.45208515,,
433,2011-07-02T23:15:15.200000Z,6,-3.556261512,0.466524843,,
434,2011-07-02T23:41:23.450000Z,4,1.58297563,-0.131805842,,
435,2011-07-02T23:57:21.330000Z,4,-2.641102026,0.317439501,,
436,2011-07-03T00:07:30.520000Z,4,1.114558229,-0.05424322,Y,
437,2011-07-03T00:52:13.110000Z,3,6.828122874,-0.557044391,,
438,2011-07-03T00:57:40.620000Z,6,75.40270418,0.070793542,Y,
439,2011-07-03T01:30:25.350000Z,4,0.482495132,-0.712725604,,
440,2011-07-03T01:47:19.440000Z,3,-61.38950081,0.842110987,,
441,2011-07-03T02:01:00.710000Z,5,32.58188958,-0.234086363,,
442,2011-07-03T02:49:28.800000Z,4,7.291802604,-0.608187229,,
443,2011-07-03T03:00:33.440000Z,5,-3.656340396,0.439448805,,
444,2011-07-03T03:08:00.620000Z,3,-162.9097458,3.036099323,,
445,2011-07-03T03:14:32.730000Z,6,0.113371424,0.182550627,,
446,2011-07-03T03:42:33.560000Z,5,-6.937063275,0.636707306,,
447,2011-07-03T05:09:45.460300Z,4,-2.974119153,0.08499454,,
448,2011-07-03T05:20:31.000300Z,4,-71.03822429,-0.320067662,,
449,2011-07-03T06:18:18.550300Z,6,-3.290064949,0.313915798,,
450,2011-07-03T06:28:49.150300Z,3,-2.972825843,0.666394942,,
451,2011-07-03T07:22:20.910300Z,6,4.087138295,-0.265452216,,
452,2011-07-03T07:25:18.520300Z,6,9.107495576,-0.600268305,,
453,2011-07-03T07:33:19.220300Z,6,-1.143960816,0.133182654,,
454,2011-07-03T07:40:30.590300Z,5,2.524412261,-0.013137964,,
455,2011-07-03T07:46:04.840300Z,5,0.517222437,0.00519236,,
456,2011-07-03T07:54:36.830300Z,4,0.314479073,-0.241730953,,
457,2011-07-03T08:04:32.210300Z,3,-6.749016655,0.618229159,,
458,2011-07-03T08:49:30.710300Z,5,1.785032269,-0.498903104,,
459,2011-07-03T09:07:19.200300Z,6,-2.261094509,0.492458866,,
460,2011-07-03T09:10:40.310300Z,3,0.315569297,0.327670288,,
461,2011-07-03T09:29:29.030300Z,4,-5.239670367,0.545577861,,
462,2011-07-03T10:09:41.600500Z,4,2.260098599,-0.039926609,Y,
463,2011-07-03T11:32:33.850600Z,6,-5.683553114,0.69757381,,
464,2011-07-03T11:39:01.360700Z,3,-70.65011856,5.960597957,,
465,2011-07-03T11:56:03.340600Z,6,-1.889788454,0.29780974,Y,
466,2011-07-03T12:16:38.540600Z,3,-50.87581145,0.212564189,,
467,2011-07-03T12:47:00.080600Z,3,-10.41326697,1.044673164,,
468,2011-07-03T14:07:44.740700Z,8,-16.51024461,0.027381227,,
469,2011-07-03T14:31:16.210600Z,5,-28.99444186,0.306151551,,
470,2011-07-03T14:38:54.950600Z,3,-66.46716658,-0.661028318,,
471,2011-07-03T14:57:39.410000Z,3,-109.4056599,13.0656129,,
472,2011-07-03T15:01:09.250700Z,6,-0.841707714,0.349927166,,
473,2011-07-03T15:05:58.700700Z,3,-1.053889341,1.038038858,,
474,2011-07-03T15:55:45.800700Z,4,-3.818070009,0.485720414,,
475,2011-07-03T16:56:34.560000Z,7,-0.732301604,0.337222684,,
476,2011-07-03T17:59:16.189900Z,5,4.21782811,-0.820638608,,
477,2011-07-03T18:18:27.809900Z,5,-0.400713982,0.188046685,,
478,2011-07-03T18:31:28.429900Z,3,-57.06366446,-0.269732459,,
479,2011-07-03T19:02:29.009900Z,4,-0.133647094,0.037938376,,
480,2011-07-03T19:46:48.709900Z,5,-0.234190221,-0.113860991,,
481,2011-07-03T20:00:59.339900Z,3,-18.56663665,-0.002025394,,
482,2011-07-03T20:32:07.229900Z,6,2.631709516,-0.221470373,Y,
483,2011-07-03T21:55:23.109900Z,3,-65.82046481,7.973814809,,
484,2011-07-03T22:34:52.099900Z,3,-66.45312567,-0.437622696,,
485,2011-07-03T22:42:32.140000Z,4,11.0957315,-0.903636207,,
486,2011-07-03T22:51:23.019900Z,5,-5.402754031,0.523921891,,
487,2011-07-03T22:57:01.589900Z,3,-66.84240215,0.223162105,,
488,2011-07-03T23:03:48.669900Z,3,-80.07581421,-0.872914929,,
489,2011-07-04T01:46:43.209900Z,5,5.435824462,-0.706415649,,
490,2011-07-04T03:11:07.839900Z,6,2.521070858,-0.252826372,,
491,2011-07-04T05:00:52.459900Z,3,-15.00721077,-0.2752575,,
492,2011-07-04T05:16:45.809900Z,3,-57.95606538,0.027190258,,
493,2011-07-04T06:21:13.929900Z,4,-2.8639198,0.636149468,,
494,2011-07-04T06:23:19.819900Z,8,0.110777915,0.382491616,Y,
495,2011-07-04T08:03:30.009900Z,4,6.284058585,-0.92746922,,
496,2011-07-04T09:47:20.239900Z,3,-72.43245419,0.550546686,,
497,2011-07-04T11:19:52.719900Z,3,5.16765778,-0.002676271,,
498,2011-07-04T11:51:19.729900Z,3,-52.09748726,0.221911977,,
499,2011-07-04T13:27:25.259900Z,4,9.645379732,-0.904325488,,
500,2011-07-04T13:55:16.359900Z,4,-4.696593285,1.512685464,,
501,2011-07-04T14:32:39.049900Z,4,-18.10539661,2.679474671,,
502,2011-07-04T15:25:17.079900Z,4,-1.988407021,0.775257365,,
503,2011-07-04T17:13:27.030000Z,3,-84.61812483,0.383170902,,
504,2011-07-04T18:31:13.000900Z,6,-2.12007217,0.080609477,,
505,2011-07-04T18:37:07.400700Z,3,-24.41862164,0.416084911,,
506,2011-07-04T19:01:56.680900Z,5,-2.281706732,0.293822696,,
507,2011-07-04T19:11:56.830600Z,3,-82.49703863,10.09922319,,
508,2011-07-04T19:29:45.340900Z,5,-1.139563148,0.127246948,,
509,2011-07-04T20:31:16.490900Z,5,-3.511555244,0.751127199,,
510,2011-07-04T20:47:15.600900Z,5,-13.388452,0.589060598,Y,
511,2011-07-04T20:56:39.025000Z,3,-68.89853879,-0.302842823,,
512,2011-07-04T20:57:52.640900Z,5,-0.654789665,0.072465892,,
513,2011-07-04T21:27:44.530900Z,4,-4.215810494,0.135266769,,
514,2011-07-04T21:53:09.320000Z,3,-81.62134,9.696716782,,
515,2011-07-04T22:01:04.720300Z,3,49.9134898,0.301587221,,
516,2011-07-04T22:19:40.140300Z,6,-3.316264602,0.341265051,,
517,2011-07-04T22:24:13.030300Z,5,-0.752183786,0.173026892,,
518,2011-07-04T23:43:43.130300Z,3,-186.237284,22.83310227,,
519,2011-07-05T01:05:43.210000Z,3,20.31266316,0.803588975,,
520,2011-07-05T02:20:57.680100Z,3,-58.23391542,-0.512790033,,
521,2011-07-05T02:31:21.940100Z,3,55.02284531,0.125366282,,
522,2011-07-05T03:48:34.200300Z,4,7.445127825,-0.320585436,,
523,2011-07-05T04:22:44.940000Z,3,-16.56205439,4.200453477,Y,
524,2011-07-05T05:36:00.919900Z,6,-4.115997158,0.899415286,,
525,2011-07-05T06:13:18.530000Z,3,-14.25789365,0.239831636,,
526,2011-07-05T06:23:57.809900Z,6,-3.414927661,0.903942084,,
527,2011-07-05T06:40:56.889900Z,5,4.191061872,-0.385152111,,
528,2011-07-05T08:03:22.709900Z,5,-4.479606554,0.560892667,,
529,2011-07-05T09:13:43.699900Z,5,1.711337967,-0.005651348,,
530,2011-07-05T10:09:05.539900Z,3,-5.029492071,-0.138529396,,
531,2011-07-05T10:24:38.849900Z,5,5.725250782,-0.957967521,,
532,2011-07-05T12:03:29.798400Z,6,-5.353657388,0.550631728,,
533,2011-07-05T12:51:21.249900Z,6,-5.449078418,0.574199965,,
534,2011-07-05T13:03:48.489900Z,3,5.941397602,-0.322405068,,
535,2011-07-05T13:21:07.839900Z,5,4.706356221,-0.414478137,,
536,2011-07-05T14:35:36.479900Z,3,-82.90180254,-0.669636516,,
537,2011-07-05T15:36:16.479900Z,4,-89.43579285,0.976945531,,
538,2011-07-05T15:55:28.489900Z,6,-3.963877478,0.586009404,,
539,2011-07-05T16:41:39.170000Z,3,-57.31224171,-0.038561482,,
540,2011-07-05T16:46:39.960000Z,3,-5.070822931,1.06052575,,
541,2011-07-05T17:11:25.940000Z,4,-3.116237514,0.020648605,,
542,2011-07-05T18:22:18.190000Z,5,-10.38843465,1.205019584,Y,
543,2011-07-05T19:15:53.360000Z,3,70.24259625,-0.63241239,,
544,2011-07-05T20:32:06.990000Z,6,1.860777389,-0.370942658,,
545,2011-07-05T20:53:51.400000Z,6,4.907709012,-0.20457052,,
546,2011-07-05T21:09:13.990000Z,6,1.042792896,-0.146141594,,
547,2011-07-05T22:33:50.540000Z,5,0.379678325,-0.629949295,,
548,2011-07-05T22:36:17.310000Z,5,52.72489326,0.423111098,,
549,2011-07-05T22:41:34.720000Z,6,-3.556557936,-0.259191621,,
550,2011-07-05T23:47:23.270000Z,3,-89.82466792,10.46867829,,
551,2011-07-06T00:26:21.760000Z,3,-103.2008591,12.66930511,,
552,2011-07-06T00:36:27.370000Z,5,2.976040435,-0.277622493,,
553,2011-07-06T01:08:40.410000Z,4,-93.71842064,-0.03577273,,
554,2011-07-06T02:05:54.890000Z,4,-45.42143567,-0.397838304,,
555,2011-07-06T02:10:09.570000Z,6,-0.705851173,0.287024189,,
556,2011-07-06T02:23:21.410000Z,4,-3.700890564,0.374496288,,
557,2011-07-06T03:12:44.140000Z,7,5.017864493,-0.620007734,,
558,2011-07-06T03:13:53.230000Z,4,-79.64470002,1.171625415,,
559,2011-07-06T03:37:58.160000Z,4,0.934669575,-0.406392126,,
560,2011-07-06T03:49:16.010000Z,7,-4.349201885,0.255949182,,
561,2011-07-06T04:52:31.219900Z,3,-12.28978065,0.039697261,,
562,2011-07-06T05:32:23.589900Z,3,-121.1672469,1.544991795,,
563,2011-07-06T06:03:31.969900Z,3,-49.13766791,-0.226687963,,
564,2011-07-06T06:10:26.749900Z,4,-0.7639321,0.093049565,,
565,2011-07-06T06:41:38.139900Z,6,1.74205703,-0.169765961,,
566,2011-07-06T07:31:59.729900Z,4,-7.905926676,1.171207283,,
567,2011-07-06T07:35:23.669900Z,3,-17.51912693,-0.904064058,,
568,2011-07-06T07:51:52.629900Z,6,0.09280429,0.048148801,,
569,2011-07-06T07:55:18.229900Z,4,-0.241885355,-0.043667602,,
570,2011-07-06T08:07:16.589900Z,3,-113.9927701,-0.904023921,,
571,2011-07-06T10:21:03.419100Z,4,-0.617118232,0.0905012,,
572,2011-07-06T10:32:17.780900Z,3,6.736396643,-0.865784894,,
573,2011-07-06T10:42:23.829100Z,4,-3.394948838,0.314991271,,
574,2011-07-06T10:44:37.125700Z,3,-12.22009874,1.738133781,,
575,2011-07-06T11:30:18.045700Z,5,-1.80026228,0.174950159,,
576,2011-07-06T12:30:01.930900Z,4,-2.540208338,0.338017699,,
577,2011-07-06T12:41:55.295700Z,3,-1.186945444,-0.105820504,,
578,2011-07-06T12:48:39.359100Z,4,-96.10675665,1.50081374,,
579,2011-07-06T13:58:41.380900Z,5,-9.785841309,1.393062667,,
580,2011-07-06T14:04:46.020900Z,4,-1.91275816,0.193408617,,
581,2011-07-06T14:06:40.799100Z,3,-2.454769983,1.107356511,,
582,2011-07-06T15:23:58.090900Z,3,-135.38718,17.32527677,,
583,2011-07-06T15:25:48.440000Z,3,-44.14599496,12.79032371,,
584,2011-07-06T15:46:01.900900Z,4,-3.256552372,0.390005527,,
585,2011-07-06T15:54:21.369100Z,4,2.505692759,-0.703524536,,
586,2011-07-06T16:23:27.088400Z,3,12.61949355,-0.700669692,Y,
587,2011-07-06T16:34:40.340800Z,7,-4.646683805,0.811213878,Y,
588,2011-07-06T17:15:30.320800Z,4,-2.042829822,0.243940573,,
589,2011-07-06T17:53:40.250700Z,7,-1.034318802,0.127521519,Y,
590,2011-07-06T18:04:26.910700Z,7,-0.100709932,0.13211424,,
591,2011-07-06T19:00:36.650500Z,3,-26.32640111,0.675010006,,
592,2011-07-06T19:16:18.655000Z,10,-2.517736431,0.079684399,,
593,2011-07-06T19:33:52.260500Z,6,0.791251441,-0.399358779,,
594,2011-07-06T19:43:22.085000Z,4,-72.62084043,-0.844342407,,
595,2011-07-06T19:45:46.230800Z,3,-88.03477606,0.344772529,,
596,2011-07-06T19:53:58.990800Z,4,-3.881293206,0.243202468,,
597,2011-07-06T20:00:53.830800Z,3,-3.41695798,0.826343523,,
598,2011-07-06T20:11:31.300500Z,4,11.11569716,-0.854434998,,
599,2011-07-06T20:13:27.610700Z,3,-162.6745899,17.69469862,,
600,2011-07-06T20:38:59.000700Z,3,69.11214907,0.493265375,,
601,2011-07-06T20:41:12.580800Z,4,-64.59743405,0.537155543,,
602,2011-07-06T21:15:50.150500Z,4,0.414038046,-0.333546033,,
603,2011-07-06T21:34:18.830600Z,6,-3.57025097,0.358715595,,
604,2011-07-06T21:40:02.280500Z,5,-1.33253999,-0.131980299,,
605,2011-07-06T21:43:58.140500Z,4,-2.867838222,0.274001898,,
606,2011-07-06T22:11:25.260700Z,3,-45.47231558,-0.616891047,,
607,2011-07-06T22:23:51.420600Z,4,16.64387252,0.282071951,Y,
608,2011-07-06T22:45:12.890700Z,5,-0.297169136,0.122103794,,
609,2011-07-06T22:51:36.390300Z,6,-5.103816539,0.412399843,,
610,2011-07-06T23:14:13.320700Z,3,-26.35197048,1.023350818,,
611,2011-07-06T23:20:59.100300Z,3,-40.48523498,-0.530639533,,
612,2011-07-07T01:16:05.080700Z,4,-3.741268456,0.257344623,,
613,2011-07-07T01:27:52.390700Z,5,-2.188264268,0.017409853,,
614,2011-07-07T02:29:54.110700Z,4,8.788184885,-0.838869627,,
615,2011-07-07T02:41:28.980600Z,4,0.58896508,-0.164376286,,
616,2011-07-07T02:56:17.210600Z,6,0.265536912,-0.046103067,,
617,2011-07-07T03:08:34.870700Z,6,-2.564904039,0.393235532,,
618,2011-07-07T03:17:55.670700Z,6,-1.551327656,0.220600138,,
619,2011-07-07T03:56:48.720700Z,6,0.618531943,-0.196484634,,
620,2011-07-07T04:14:57.439900Z,6,1.108088442,-0.093241161,,
621,2011-07-07T05:29:41.160000Z,4,-3.868303304,0.089670392,,
622,2011-07-07T05:31:04.279900Z,3,-87.38802814,0.180566657,,
623,2011-07-07T05:55:23.619900Z,5,-4.909536569,0.489984379,,
624,2011-07-07T06:31:01.909900Z,3,-13.1951312,-0.516923052,,
625,2011-07-07T07:12:01.319900Z,4,2.385206244,-0.086674936,,
626,2011-07-07T07:39:41.139900Z,4,-0.3411404,0.348263185,,
627,2011-07-07T07:57:17.220000Z,3,-100.8145045,11.99135931,,
628,2011-07-07T09:04:43.829900Z,4,-3.921018003,0.241139913,,
629,2011-07-07T09:45:25.409900Z,5,-1.916981913,0.15514754,,
630,2011-07-07T09:49:46.309900Z,3,-17.79368518,0.444133749,,