,Trigger times
0,2011-06-24T16:02:12.100000Z
1,2011-06-24T16:33:55.080000Z
2,2011-06-24T16:37:07.670000Z
3,2011-06-24T16:40:46.020000Z
4,2011-06-24T17:01:19.100000Z
5,2011-06-24T17:03:01.400000Z
6,2011-06-24T17:17:58.630000Z
7,2011-06-24T17:17:58.720000Z
8,2011-06-24T17:27:06.410000Z
9,2011-06-24T17:48:34.710000Z
10,2011-06-24T17:49:57.575000Z
11,2011-06-24T17:56:27.020000Z
12,2011-06-24T18:17:12.320000Z
13,2011-06-24T18:18:41.560000Z
14,2011-06-24T18:25:17.650000Z
15,2011-06-24T18:28:25.160000Z
16,2011-06-24T18:35:38.500000Z
17,2011-06-24T18:40:01.660000Z
18,2011-06-24T18:43:33.080000Z
19,2011-06-24T18:47:20.810000Z
20,2011-06-24T18:56:08.310000Z
21,2011-06-24T19:03:51.490000Z
22,2011-06-24T19:06:04.810000Z
23,2011-06-24T19:19:36.410000Z
24,2011-06-24T19:37:00.668400Z
25,2011-06-24T19:46:54.600000Z
26,2011-06-24T19:48:40.220000Z
27,2011-06-24T19:48:55.600000Z
28,2011-06-24T19:59:58.810000Z
29,2011-06-24T20:02:29.120000Z
30,2011-06-24T20:06:58.520000Z
31,2011-06-24T20:11:37.120000Z
32,2011-06-24T20:14:08.930000Z
33,2011-06-24T20:17:28.140000Z
34,2011-06-24T20:33:45.580000Z
35,2011-06-24T20:37:34.900000Z
36,2011-06-24T20:38:06.610000Z
37,2011-06-24T20:43:36.010000Z
38,2011-06-24T21:06:55.850000Z
39,2011-06-24T21:06:55.890000Z
40,2011-06-24T21:12:04.610000Z
41,2011-06-24T21:12:58.510000Z
42,2011-06-24T21:17:17.090000Z
43,2011-06-24T21:20:15.680000Z
44,2011-06-24T21:26:40.308400Z
45,2011-06-24T21:36:55.400000Z
46,2011-06-24T21:43:29.100000Z
47,2011-06-24T21:45:14.620000Z
48,2011-06-24T22:17:23.570300Z
49,2011-06-24T22:22:46.210500Z
50,2011-06-24T22:25:05.490200Z
51,2011-06-24T22:39:58.690300Z
52,2011-06-24T22:43:22.610200Z
53,2011-06-24T22:44:20.260300Z
54,2011-06-24T22:48:11.120300Z
55,2011-06-24T22:52:52.898400Z
56,2011-06-24T22:58:16.030000Z
57,2011-06-24T22:59:07.900300Z
58,2011-06-24T23:01:29.030200Z
59,2011-06-24T23:03:43.080500Z
60,2011-06-24T23:06:09.530300Z
61,2011-06-24T23:10:39.890300Z
62,2011-06-24T23:15:31.050300Z
63,2011-06-24T23:23:27.930500Z
64,2011-06-24T23:27:08.390300Z
65,2011-06-24T23:29:17.130300Z
66,2011-06-24T23:29:18.980200Z
67,2011-06-24T23:39:29.720300Z
68,2011-06-24T23:53:09.660500Z
69,2011-06-24T23:57:06.040300Z
70,2011-06-25T00:01:13.990500Z
71,2011-06-25T00:02:42.900200Z
72,2011-06-25T00:08:17.280300Z
73,2011-06-25T00:12:52.510300Z
74,2011-06-25T00:19:43.200500Z
75,2011-06-25T00:23:02.180500Z
76,2011-06-25T00:36:27.480200Z
77,2011-06-25T00:44:36.900500Z
78,2011-06-25T00:59:32.218400Z
79,2011-06-25T01:01:30.050000Z
80,2011-06-25T01:03:13.860300Z
81,2011-06-25T01:04:00.460500Z
82,2011-06-25T01:23:23.480000Z
83,2011-06-25T01:30:50.840500Z
84,2011-06-25T01:34:20.060300Z
85,2011-06-25T01:58:06.520300Z
86,2011-06-25T02:02:39.140500Z
87,2011-06-25T02:10:11.660500Z
88,2011-06-25T02:15:21.450500Z
89,2011-06-25T02:18:48.360500Z
90,2011-06-25T02:24:58.030400Z
91,2011-06-25T02:52:32.680500Z
92,2011-06-25T03:04:10.720300Z
93,2011-06-25T03:07:54.510300Z
94,2011-06-25T03:26:23.700000Z
95,2011-06-25T03:51:05.000300Z
96,2011-06-25T04:02:32.650000Z
97,2011-06-25T04:14:10.780000Z
98,2011-06-25T04:15:39.690000Z
99,2011-06-25T04:25:43.590000Z
100,2011-06-25T04:25:45.150000Z
101,2011-06-25T04:34:13.740000Z
102,2011-06-25T04:54:48.510000Z
103,2011-06-25T05:11:46.770000Z
104,2011-06-25T05:14:42.960000Z
105,2011-06-25T05:19:29.830000Z
106,2011-06-25T05:19:49.010000Z
107,2011-06-25T05:38:19.550000Z
108,2011-06-25T05:48:14.930000Z
109,2011-06-25T05:57:36.450000Z
110,2011-06-25T06:03:49.180000Z
111,2011-06-25T06:14:50.950000Z
112,2011-06-25T06:19:42.290000Z
113,2011-06-25T06:38:02.440000Z
114,2011-06-25T06:40:38.910000Z
115,2011-06-25T06:43:19.900000Z
116,2011-06-25T06:55:50.610000Z
117,2011-06-25T07:04:04.650000Z
118,2011-06-25T07:08:21.720000Z
119,2011-06-25T07:14:36.470000Z
120,2011-06-25T07:28:04.800000Z
121,2011-06-25T08:06:33.100000Z
122,2011-06-25T08:07:16.950000Z
123,2011-06-25T08:14:18.650000Z
124,2011-06-25T08:22:47.310000Z
125,2011-06-25T09:03:22.800000Z
126,2011-06-25T09:15:37.460000Z
127,2011-06-25T09:25:11.880000Z
128,2011-06-25T09:33:33.260000Z
129,2011-06-25T09:45:16.220000Z
130,2011-06-25T09:52:18.850000Z
131,2011-06-25T09:53:10.190000Z
132,2011-06-25T10:08:13.950000Z
133,2011-06-25T10:16:50.080000Z
134,2011-06-25T10:21:56.810000Z
135,2011-06-25T10:25:50.510000Z
136,2011-06-25T11:05:54.040000Z
137,2011-06-25T11:25:42.250000Z
138,2011-06-25T11:32:58.560000Z
139,2011-06-25T11:43:58.890000Z
140,2011-06-25T12:03:31.520000Z
141,2011-06-25T12:27:04.400000Z
142,2011-06-25T12:33:42.600000Z
143,2011-06-25T12:44:24.530000Z
144,2011-06-25T12:53:01.520000Z
145,2011-06-25T12:54:58.230000Z
146,2011-06-25T13:07:14.180000Z
147,2011-06-25T13:12:23.640000Z
148,2011-06-25T13:14:20.260000Z
149,2011-06-25T13:15:20.790000Z
150,2011-06-25T13:37:56.630000Z
151,2011-06-25T13:49:57.660000Z
152,2011-06-25T13:57:35.990000Z
153,2011-06-25T14:13:58.990000Z
154,2011-06-25T14:14:41.720000Z
155,2011-06-25T14:26:01.470000Z
156,2011-06-25T14:32:25.150000Z
157,2011-06-25T14:37:49.840000Z
158,2011-06-25T14:49:55.090000Z
159,2011-06-25T15:04:10.760000Z
160,2011-06-25T15:11:24.180000Z
161,2011-06-25T15:12:08.930000Z
162,2011-06-25T15:20:42.750000Z
163,2011-06-25T15:31:42.460000Z
164,2011-06-25T15:51:54.490000Z
165,2011-06-25T16:00:26.100000Z
166,2011-06-25T16:14:20.700000Z
167,2011-06-25T16:17:44.370000Z
168,2011-06-25T16:25:37.510000Z
169,2011-06-25T16:37:00.360000Z
170,2011-06-25T16:44:32.510000Z
171,2011-06-25T17:19:56.530000Z
172,2011-06-25T17:40:27.420000Z
173,2011-06-25T17:46:12.850000Z
174,2011-06-25T17:53:28.460000Z
175,2011-06-25T17:55:43.590000Z
176,2011-06-25T17:59:33.380000Z
177,2011-06-25T18:00:38.060000Z
178,2011-06-25T18:02:46.420000Z
179,2011-06-25T18:06:26.740000Z
180,2011-06-25T18:08:15.800000Z
181,2011-06-25T18:20:03.080000Z
182,2011-06-25T18:20:45.500000Z
183,2011-06-25T18:23:16.040000Z
184,2011-06-25T18:36:22.300000Z
185,2011-06-25T18:37:43.910000Z
186,2011-06-25T18:44:46.480000Z
187,2011-06-25T18:46:50.880000Z
188,2011-06-25T18:51:50.540000Z
189,2011-06-25T18:59:33.800000Z
190,2011-06-25T19:03:20.300000Z
191,2011-06-25T19:03:51.930000Z
192,2011-06-25T19:07:05.020000Z
193,2011-06-25T19:08:58.400000Z
194,2011-06-25T19:24:32.380000Z
195,2011-06-25T19:24:36.380000Z
196,2011-06-25T19:28:53.810000Z
197,2011-06-25T19:31:40.760000Z
198,2011-06-25T19:33:06.160000Z
199,2011-06-25T19:45:27.600000Z
200,2011-06-25T19:47:43.720000Z
201,2011-06-25T19:48:17.020000Z
202,2011-06-25T19:58:37.890000Z
203,2011-06-25T20:12:21.540000Z
204,2011-06-25T20:19:51.010000Z
205,2011-06-25T20:34:46.730000Z
206,2011-06-25T20:45:47.800000Z
207,2011-06-25T20:51:22.060000Z
208,2011-06-25T20:55:30.770000Z
209,2011-06-25T21:09:16.790000Z
210,2011-06-25T21:11:42.260000Z
211,2011-06-25T21:15:29.410000Z
212,2011-06-25T21:17:00.910000Z
213,2011-06-25T21:24:14.070000Z
214,2011-06-25T21:27:49.060000Z
215,2011-06-25T21:28:52.755000Z
216,2011-06-25T21:34:32.150000Z
217,2011-06-25T21:38:57.930000Z
218,2011-06-25T21:41:44.180000Z
219,2011-06-25T21:43:05.120000Z
220,2011-06-25T21:56:19.950000Z
221,2011-06-25T21:57:26.710000Z
222,2011-06-25T22:06:23.770900Z
223,2011-06-25T22:13:38.210300Z
224,2011-06-25T22:18:36.560300Z
225,2011-06-25T22:24:29.610400Z
226,2011-06-25T22:25:19.780300Z
227,2011-06-25T22:32:11.160200Z
228,2011-06-25T22:35:12.020400Z
229,2011-06-25T22:38:35.350200Z
230,2011-06-25T22:43:37.650300Z
231,2011-06-25T22:50:49.370300Z
232,2011-06-25T22:52:45.170200Z
233,2011-06-25T22:52:48.330400Z
234,2011-06-25T22:55:01.700900Z
235,2011-06-25T23:04:07.100300Z
236,2011-06-25T23:13:02.940200Z
237,2011-06-25T23:17:36.860400Z
238,2011-06-25T23:26:46.590300Z
239,2011-06-25T23:31:45.890200Z
240,2011-06-25T23:43:52.990300Z
241,2011-06-25T23:45:37.500400Z
242,2011-06-25T23:47:59.350300Z
243,2011-06-25T23:54:44.710300Z
244,2011-06-26T00:06:55.550200Z
245,2011-06-26T00:13:08.500400Z
246,2011-06-26T00:27:10.440300Z
247,2011-06-26T00:40:59.560400Z
248,2011-06-26T01:01:14.340300Z
249,2011-06-26T01:07:29.320300Z
250,2011-06-26T01:14:53.380400Z
251,2011-06-26T01:18:41.370300Z
252,2011-06-26T01:27:33.930300Z
253,2011-06-26T01:48:30.780400Z
254,2011-06-26T01:53:04.350400Z
255,2011-06-26T01:58:36.990400Z
256,2011-06-26T02:43:35.330300Z
257,2011-06-26T02:53:01.360300Z
258,2011-06-26T03:06:52.630400Z
259,2011-06-26T03:12:28.460400Z
260,2011-06-26T03:23:35.180400Z
261,2011-06-26T03:26:48.460400Z
262,2011-06-26T03:52:35.240400Z
263,2011-06-26T03:55:41.180300Z
264,2011-06-26T04:05:41.640400Z
265,2011-06-26T04:09:14.560500Z
266,2011-06-26T04:18:58.640500Z
267,2011-06-26T04:32:57.600500Z
268,2011-06-26T04:37:36.070500Z
269,2011-06-26T04:49:33.700400Z
270,2011-06-26T04:51:39.370500Z
271,2011-06-26T05:01:03.970400Z
272,2011-06-26T05:03:48.320400Z
273,2011-06-26T05:13:23.610500Z
274,2011-06-26T05:17:46.860500Z
275,2011-06-26T05:56:22.300500Z
276,2011-06-26T06:09:34.820400Z
277,2011-06-26T06:11:58.910500Z
278,2011-06-26T06:26:57.200000Z
279,2011-06-26T06:33:30.948400Z
280,2011-06-26T06:37:21.800500Z
281,2011-06-26T07:13:17.500400Z
282,2011-06-26T07:28:10.620400Z
283,2011-06-26T07:29:57.300400Z
284,2011-06-26T07:32:43.920500Z
285,2011-06-26T07:35:33.880500Z
286,2011-06-26T07:41:39.450500Z
287,2011-06-26T07:43:32.730400Z
288,2011-06-26T08:23:40.250500Z
289,2011-06-26T08:32:10.310500Z
290,2011-06-26T08:49:06.110500Z
291,2011-06-26T08:49:23.130400Z
292,2011-06-26T08:52:03.920500Z
293,2011-06-26T08:58:15.180400Z
294,2011-06-26T09:05:06.830500Z
295,2011-06-26T09:06:11.520400Z
296,2011-06-26T09:13:43.230400Z
297,2011-06-26T09:28:45.390500Z
298,2011-06-26T09:31:32.650500Z
299,2011-06-26T09:37:40.280000Z
300,2011-06-26T09:39:00.170500Z
301,2011-06-26T09:56:49.190500Z
302,2011-06-26T10:01:41.179200Z
303,2011-06-26T10:04:16.154700Z
304,2011-06-26T10:12:03.574700Z
305,2011-06-26T10:16:25.119200Z
306,2011-06-26T10:35:10.494700Z
307,2011-06-26T10:37:49.300000Z
308,2011-06-26T10:39:28.229200Z
309,2011-06-26T10:53:21.720000Z
310,2011-06-26T10:56:36.814700Z
311,2011-06-26T11:02:07.249200Z
312,2011-06-26T11:13:30.939200Z
313,2011-06-26T11:23:58.209200Z
314,2011-06-26T11:44:56.074700Z
315,2011-06-26T11:47:48.089200Z
316,2011-06-26T11:55:22.380000Z
317,2011-06-26T11:56:49.704700Z
318,2011-06-26T12:00:08.209200Z
319,2011-06-26T12:30:14.834700Z
320,2011-06-26T12:37:08.734700Z
321,2011-06-26T13:20:49.599200Z
322,2011-06-26T13:21:34.464700Z
323,2011-06-26T13:44:32.784700Z
324,2011-06-26T13:56:10.344700Z
325,2011-06-26T14:09:07.639200Z
326,2011-06-26T14:11:21.400000Z
327,2011-06-26T14:21:54.868400Z
328,2011-06-26T14:23:12.934700Z
329,2011-06-26T14:26:50.939200Z
330,2011-06-26T14:31:45.004700Z
331,2011-06-26T14:56:35.114700Z
332,2011-06-26T15:00:06.635000Z
333,2011-06-26T15:39:03.374700Z
334,2011-06-26T15:53:55.314700Z
335,2011-06-26T16:19:24.559900Z
336,2011-06-26T16:36:37.679900Z
337,2011-06-26T16:45:28.729900Z
338,2011-06-26T16:59:25.250000Z
339,2011-06-26T17:03:14.779900Z
340,2011-06-26T17:05:50.649900Z
341,2011-06-26T17:28:48.859900Z
342,2011-06-26T17:38:43.969900Z
343,2011-06-26T17:47:17.489900Z
344,2011-06-26T17:49:42.599900Z
345,2011-06-26T17:55:43.499900Z
346,2011-06-26T17:59:20.149900Z
347,2011-06-26T17:59:22.329900Z
348,2011-06-26T18:01:13.929900Z
349,2011-06-26T18:03:36.989900Z
350,2011-06-26T18:06:16.220000Z
351,2011-06-26T18:10:32.069900Z
352,2011-06-26T18:15:18.999900Z
353,2011-06-26T18:15:21.179900Z
354,2011-06-26T18:16:51.579900Z
355,2011-06-26T18:20:25.459900Z
356,2011-06-26T18:25:26.309900Z
357,2011-06-26T18:28:27.309900Z
358,2011-06-26T18:29:37.020000Z
359,2011-06-26T18:32:47.300000Z
360,2011-06-26T18:33:20.830000Z
361,2011-06-26T18:36:00.109900Z
362,2011-06-26T18:40:22.708400Z
363,2011-06-26T18:41:58.029900Z
364,2011-06-26T18:43:50.969900Z
365,2011-06-26T18:45:44.549900Z
366,2011-06-26T18:51:37.839900Z
367,2011-06-26T18:54:56.469900Z
368,2011-06-26T18:59:48.889900Z
369,2011-06-26T19:02:27.959900Z
370,2011-06-26T19:13:43.150000Z
371,2011-06-26T19:13:45.969900Z
372,2011-06-26T19:15:05.099900Z
373,2011-06-26T19:22:31.539900Z
374,2011-06-26T19:26:30.799900Z
375,2011-06-26T19:28:23.420000Z
376,2011-06-26T19:30:36.659900Z
377,2011-06-26T19:34:26.310000Z
378,2011-06-26T19:39:04.219900Z
379,2011-06-26T19:42:52.320000Z
380,2011-06-26T19:44:49.490000Z
381,2011-06-26T19:46:18.699900Z
382,2011-06-26T19:50:52.499900Z
383,2011-06-26T19:56:00.430000Z
384,2011-06-26T19:56:58.019900Z
385,2011-06-26T20:03:20.359900Z
386,2011-06-26T20:07:02.459900Z
387,2011-06-26T20:10:06.389900Z
388,2011-06-26T20:11:39.769900Z
389,2011-06-26T20:14:29.509900Z
390,2011-06-26T20:23:12.189900Z
391,2011-06-26T20:39:21.919900Z
392,2011-06-26T20:41:46.119900Z
393,2011-06-26T20:45:41.629900Z
394,2011-06-26T20:47:17.840000Z
395,2011-06-26T20:54:47.849900Z
396,2011-06-26T20:55:15.559900Z
397,2011-06-26T20:57:05.279900Z
398,2011-06-26T20:58:34.219900Z
399,2011-06-26T20:59:52.859900Z
400,2011-06-26T21:00:20.848400Z
401,2011-06-26T21:03:16.609900Z
402,2011-06-26T21:10:44.029900Z
403,2011-06-26T21:11:43.339900Z
404,2011-06-26T21:12:34.439900Z
405,2011-06-26T21:15:20.840000Z
406,2011-06-26T21:18:53.459900Z
407,2011-06-26T21:37:11.179900Z
408,2011-06-26T21:43:27.159900Z
409,2011-06-26T21:52:07.209900Z
410,2011-06-26T21:56:58.140000Z
411,2011-06-26T21:58:29.660000Z
412,2011-06-26T22:03:42.149900Z
413,2011-06-26T22:06:30.689900Z
414,2011-06-26T22:09:10.259900Z
415,2011-06-26T22:09:47.329900Z
416,2011-06-26T22:15:52.479900Z
417,2011-06-26T22:17:23.529900Z
418,2011-06-26T22:19:51.409900Z
419,2011-06-26T22:22:22.419900Z
420,2011-06-26T22:25:45.689900Z
421,2011-06-26T22:25:47.049900Z
422,2011-06-26T22:29:36.939900Z
423,2011-06-26T22:29:52.499900Z
424,2011-06-26T22:32:49.079900Z
425,2011-06-26T22:32:51.329900Z
426,2011-06-26T22:33:29.519900Z
427,2011-06-26T22:40:14.900000Z
428,2011-06-26T22:42:51.500000Z
429,2011-06-26T22:44:03.249900Z
430,2011-06-26T22:48:01.039900Z
431,2011-06-26T22:54:36.909900Z
432,2011-06-26T23:02:02.319900Z
433,2011-06-26T23:03:21.359900Z
434,2011-06-26T23:06:09.459900Z
435,2011-06-26T23:17:48.968400Z
436,2011-06-26T23:28:16.709900Z
437,2011-06-26T23:36:12.209900Z
438,2011-06-26T23:48:35.339900Z
439,2011-06-26T23:48:38.819900Z
440,2011-06-26T23:51:04.419900Z
441,2011-06-26T23:52:42.679900Z
442,2011-06-26T23:55:08.399900Z
443,2011-06-26T23:58:27.649900Z
444,2011-06-27T00:12:50.949900Z
445,2011-06-27T00:21:16.449900Z
446,2011-06-27T00:24:39.399900Z
447,2011-06-27T00:28:55.079900Z
448,2011-06-27T00:38:28.240000Z
449,2011-06-27T00:42:29.295000Z
450,2011-06-27T00:58:12.599900Z
451,2011-06-27T01:02:17.909900Z
452,2011-06-27T01:13:44.890000Z
453,2011-06-27T01:41:41.129900Z
454,2011-06-27T01:43:53.179900Z
455,2011-06-27T01:53:02.915000Z
456,2011-06-27T02:05:02.640000Z
457,2011-06-27T02:18:33.269900Z
458,2011-06-27T02:38:56.299900Z
459,2011-06-27T02:41:48.169900Z
460,2011-06-27T02:50:41.089900Z
461,2011-06-27T02:53:59.979900Z
462,2011-06-27T03:00:21.599900Z
463,2011-06-27T03:18:28.099900Z
464,2011-06-27T03:18:59.809900Z
465,2011-06-27T03:24:01.599900Z
466,2011-06-27T03:32:36.699900Z
467,2011-06-27T03:57:10.109900Z
468,2011-06-27T04:00:23.759900Z
469,2011-06-27T04:04:26.929900Z
470,2011-06-27T04:29:04.139900Z
471,2011-06-27T04:38:54.469900Z
472,2011-06-27T04:45:00.420000Z
473,2011-06-27T04:46:11.369900Z
474,2011-06-27T04:53:18.620000Z
475,2011-06-27T04:57:34.529900Z
476,2011-06-27T05:35:59.088400Z
477,2011-06-27T06:06:37.399900Z
478,2011-06-27T06:07:14.879900Z
479,2011-06-27T06:15:02.489900Z
480,2011-06-27T06:19:51.279900Z
481,2011-06-27T06:37:36.259900Z
482,2011-06-27T06:53:01.989900Z
483,2011-06-27T06:59:36.109900Z
484,2011-06-27T07:02:11.220000Z
485,2011-06-27T07:11:54.529900Z
486,2011-06-27T07:30:17.339900Z
487,2011-06-27T08:06:23.459900Z
488,2011-06-27T08:21:26.809900Z
489,2011-06-27T08:24:01.009900Z
490,2011-06-27T08:27:13.255000Z
491,2011-06-27T08:32:21.609900Z
492,2011-06-27T08:42:28.409900Z
493,2011-06-27T08:47:55.659900Z
494,2011-06-27T08:58:42.649900Z
495,2011-06-27T09:06:27.489900Z
496,2011-06-27T09:15:06.579900Z
497,2011-06-27T09:27:39.079900Z
498,2011-06-27T09:34:37.469900Z
499,2011-06-27T09:42:57.789900Z
500,2011-06-27T09:45:27.680000Z
501,2011-06-27T09:55:28.289900Z
502,2011-06-27T10:21:43.640000Z
503,2011-06-27T10:24:49.030000Z
504,2011-06-27T10:27:26.960000Z
505,2011-06-27T10:33:32.870000Z
506,2011-06-27T10:33:33.800000Z
507,2011-06-27T10:37:49.260000Z
508,2011-06-27T10:38:46.300000Z
509,2011-06-27T10:46:51.350000Z
510,2011-06-27T10:54:27.970000Z
511,2011-06-27T10:59:04.220000Z
512,2011-06-27T11:01:26.590000Z
513,2011-06-27T11:05:37.460000Z
514,2011-06-27T11:11:01.140000Z
515,2011-06-27T11:29:12.190000Z
516,2011-06-27T11:45:53.230000Z
517,2011-06-27T12:03:46.850000Z
518,2011-06-27T12:14:16.080000Z
519,2011-06-27T12:20:37.420000Z
520,2011-06-27T12:30:43.690000Z
521,2011-06-27T12:44:59.000000Z
522,2011-06-27T12:50:20.018400Z
523,2011-06-27T13:02:25.520000Z
524,2011-06-27T13:13:35.780000Z
525,2011-06-27T13:35:21.028400Z
526,2011-06-27T13:36:39.900000Z
527,2011-06-27T13:39:01.720000Z
528,2011-06-27T13:52:34.860000Z
529,2011-06-27T14:02:26.768400Z
530,2011-06-27T14:09:59.550000Z
531,2011-06-27T14:20:47.580000Z
532,2011-06-27T14:29:50.188400Z
533,2011-06-27T14:30:05.710000Z
534,2011-06-27T14:38:17.420000Z
535,2011-06-27T14:53:32.940000Z
536,2011-06-27T15:02:20.410000Z
537,2011-06-27T15:10:55.400000Z
538,2011-06-27T15:14:19.000000Z
539,2011-06-27T15:17:41.360000Z
540,2011-06-27T15:24:25.280000Z
541,2011-06-27T15:28:00.768400Z
542,2011-06-27T15:47:49.960000Z
543,2011-06-27T15:51:49.190000Z
544,2011-06-27T15:58:27.300000Z
545,2011-06-27T16:04:08.650000Z
546,2011-06-27T16:11:14.200000Z
547,2011-06-27T16:24:25.660000Z
548,2011-06-27T16:29:53.415000Z
549,2011-06-27T16:39:42.578400Z
550,2011-06-27T16:40:52.670000Z
551,2011-06-27T16:43:47.750000Z
552,2011-06-27T16:52:24.770000Z
553,2011-06-27T16:59:37.650000Z
554,2011-06-27T17:05:40.615000Z
555,2011-06-27T17:09:07.440000Z
556,2011-06-27T17:10:35.678400Z
557,2011-06-27T17:23:44.040000Z
558,2011-06-27T17:29:05.410000Z
559,2011-06-27T17:34:36.610000Z
560,2011-06-27T17:44:19.060000Z
561,2011-06-27T17:47:01.720000Z
562,2011-06-27T17:48:32.650000Z
563,2011-06-27T17:53:08.980000Z
564,2011-06-27T17:57:28.280000Z
565,2011-06-27T18:03:02.210000Z
566,2011-06-27T18:14:59.990000Z
567,2011-06-27T18:17:21.128400Z
568,2011-06-27T18:21:27.440000Z
569,2011-06-27T18:23:43.420000Z
570,2011-06-27T18:25:33.340000Z
571,2011-06-27T18:29:39.950000Z
572,2011-06-27T18:37:20.150000Z
573,2011-06-27T18:40:14.490000Z
574,2011-06-27T18:43:34.060000Z
575,2011-06-27T18:46:21.070000Z
576,2011-06-27T18:49:56.150000Z
577,2011-06-27T18:56:50.160000Z
578,2011-06-27T19:10:59.568400Z
579,2011-06-27T19:15:24.220000Z
580,2011-06-27T19:18:19.600000Z
581,2011-06-27T19:22:01.980000Z
582,2011-06-27T19:25:07.920000Z
583,2011-06-27T19:33:31.010000Z
584,2011-06-27T19:40:46.350000Z
585,2011-06-27T19:43:14.130000Z
586,2011-06-27T19:49:07.940000Z
587,2011-06-27T19:56:31.730000Z
588,2011-06-27T19:59:46.390000Z
589,2011-06-27T20:05:04.780000Z
590,2011-06-27T20:10:48.990000Z
591,2011-06-27T20:12:03.230000Z
592,2011-06-27T20:17:12.800000Z
593,2011-06-27T20:23:38.980000Z
594,2011-06-27T20:31:29.310000Z
595,2011-06-27T20:35:11.600000Z
596,2011-06-27T20:37:34.780000Z
597,2011-06-27T20:40:06.360000Z
598,2011-06-27T20:40:07.470000Z
599,2011-06-27T20:40:20.680000Z
600,2011-06-27T20:46:12.670000Z
601,2011-06-27T20:47:58.210000Z
602,2011-06-27T20:48:02.408400Z
603,2011-06-27T20:53:55.750000Z
604,2011-06-27T20:54:55.950000Z
605,2011-06-27T20:56:39.635000Z
606,2011-06-27T21:06:21.750000Z
607,2011-06-27T21:06:22.190000Z
608,2011-06-27T21:21:21.510000Z
609,2011-06-27T21:29:32.200000Z
610,2011-06-27T21:33:31.100000Z
611,2011-06-27T21:36:28.280000Z
612,2011-06-27T21:39:51.190000Z
613,2011-06-27T21:44:24.288400Z
614,2011-06-27T21:50:58.740000Z
615,2011-06-27T21:53:29.548400Z
616,2011-06-27T22:00:27.128400Z
617,2011-06-27T22:04:19.529900Z
618,2011-06-27T22:04:23.200000Z
619,2011-06-27T22:11:26.629900Z
620,2011-06-27T22:15:14.369900Z
621,2011-06-27T22:29:28.140000Z
622,2011-06-27T22:33:11.079900Z
623,2011-06-27T22:47:49.839900Z
624,2011-06-27T22:56:38.819900Z
625,2011-06-27T23:01:44.949900Z
626,2011-06-27T23:01:51.219900Z
627,2011-06-27T23:07:04.509900Z
628,2011-06-27T23:12:39.969900Z
629,2011-06-27T23:20:37.219900Z
630,2011-06-27T23:33:21.229900Z
631,2011-06-27T23:33:59.838400Z
632,2011-06-27T23:39:14.300000Z
633,2011-06-28T00:02:50.339900Z
634,2011-06-28T00:29:49.759900Z
635,2011-06-28T00:42:19.919900Z
636,2011-06-28T00:57:37.959900Z
637,2011-06-28T01:09:18.389900Z
638,2011-06-28T01:22:58.549900Z
639,2011-06-28T01:35:00.659900Z
640,2011-06-28T01:35:50.029900Z
641,2011-06-28T01:37:09.089900Z
642,2011-06-28T01:46:42.439900Z
643,2011-06-28T02:03:02.700000Z
644,2011-06-28T02:04:49.929900Z
645,2011-06-28T02:49:23.499900Z
646,2011-06-28T03:00:34.989900Z
647,2011-06-28T03:15:33.200000Z
648,2011-06-28T03:25:39.539900Z
649,2011-06-28T03:38:05.719900Z
650,2011-06-28T03:48:43.049900Z
651,2011-06-28T03:53:34.219900Z
652,2011-06-28T04:01:44.109900Z
653,2011-06-28T04:08:28.779900Z
654,2011-06-28T04:15:35.175000Z
655,2011-06-28T04:17:54.249900Z
656,2011-06-28T04:29:25.859900Z
657,2011-06-28T04:44:03.039900Z
658,2011-06-28T04:48:01.689900Z
659,2011-06-28T04:55:46.609900Z
660,2011-06-28T05:04:57.579900Z
661,2011-06-28T05:10:56.339900Z
662,2011-06-28T05:37:09.969900Z
663,2011-06-28T05:45:28.759900Z
664,2011-06-28T05:47:14.059900Z
665,2011-06-28T06:02:52.849900Z
666,2011-06-28T06:20:29.740000Z
667,2011-06-28T06:25:09.320000Z
668,2011-06-28T06:53:13.359900Z
669,2011-06-28T06:59:07.919900Z
670,2011-06-28T06:59:51.769900Z
671,2011-06-28T07:00:25.728400Z
672,2011-06-28T07:03:16.480000Z
673,2011-06-28T07:12:27.740000Z
674,2011-06-28T07:18:23.369900Z
675,2011-06-28T07:33:54.579900Z
676,2011-06-28T07:35:55.660000Z
677,2011-06-28T07:41:40.648400Z
678,2011-06-28T08:01:37.279900Z
679,2011-06-28T08:13:14.299900Z
680,2011-06-28T08:45:32.029900Z
681,2011-06-28T09:12:24.779900Z
682,2011-06-28T09:28:03.209900Z
683,2011-06-28T09:31:33.129900Z
684,2011-06-28T09:54:10.759900Z
685,2011-06-28T09:57:00.959900Z
686,2011-06-28T10:21:35.821000Z
687,2011-06-28T10:30:41.441000Z
688,2011-06-28T10:43:06.941000Z
689,2011-06-28T10:46:22.971000Z
690,2011-06-28T11:16:39.171000Z
691,2011-06-28T11:18:15.571000Z
692,2011-06-28T11:23:29.051000Z
693,2011-06-28T11:31:44.851000Z
694,2011-06-28T11:36:07.840000Z
695,2011-06-28T11:47:24.481000Z
696,2011-06-28T11:56:29.451000Z
697,2011-06-28T12:10:21.221000Z
698,2011-06-28T12:31:10.400000Z
699,2011-06-28T12:34:37.631000Z
700,2011-06-28T12:46:54.451000Z
701,2011-06-28T12:50:08.651000Z
702,2011-06-28T12:53:57.421000Z
703,2011-06-28T13:00:37.751000Z
704,2011-06-28T13:03:02.281000Z
705,2011-06-28T13:09:08.131000Z
706,2011-06-28T13:13:41.375000Z
707,2011-06-28T13:17:03.771000Z
708,2011-06-28T13:23:28.638400Z
709,2011-06-28T13:30:20.391000Z
710,2011-06-28T13:35:04.838400Z
711,2011-06-28T13:37:10.900000Z
712,2011-06-28T14:01:11.471000Z
713,2011-06-28T14:04:07.881000Z
714,2011-06-28T14:06:36.620000Z
715,2011-06-28T14:22:51.521000Z
716,2011-06-28T14:58:19.220000Z
717,2011-06-28T15:15:39.841000Z
718,2011-06-28T15:19:56.171000Z
719,2011-06-28T15:36:34.081000Z
720,2011-06-28T15:37:05.591000Z
721,2011-06-28T15:42:14.221000Z
722,2011-06-28T15:52:50.731000Z
723,2011-06-28T16:10:06.160700Z
724,2011-06-28T16:13:27.980700Z
725,2011-06-28T16:17:40.320700Z
726,2011-06-28T16:20:02.460000Z
727,2011-06-28T16:24:28.320700Z
728,2011-06-28T16:27:23.080700Z
729,2011-06-28T16:31:48.000700Z
730,2011-06-28T16:45:09.518400Z
731,2011-06-28T16:57:07.460700Z
732,2011-06-28T17:01:04.440700Z
733,2011-06-28T17:07:23.010600Z
734,2011-06-28T17:09:48.510700Z
735,2011-06-28T17:13:15.300700Z
736,2011-06-28T17:18:04.920600Z
737,2011-06-28T17:21:33.250600Z
738,2011-06-28T17:21:35.948400Z
739,2011-06-28T17:22:42.340600Z
740,2011-06-28T17:22:47.608400Z
741,2011-06-28T17:32:33.540600Z
742,2011-06-28T17:32:38.530700Z
743,2011-06-28T17:47:29.660700Z
744,2011-06-28T17:55:14.748400Z
745,2011-06-28T17:55:56.170600Z
746,2011-06-28T18:00:14.040700Z
747,2011-06-28T18:01:27.270700Z
748,2011-06-28T18:06:59.060600Z
749,2011-06-28T18:09:16.890600Z
750,2011-06-28T18:09:19.700700Z
751,2011-06-28T18:10:53.120700Z
752,2011-06-28T18:16:39.010700Z
753,2011-06-28T18:21:41.100700Z
754,2011-06-28T18:22:42.330700Z
755,2011-06-28T18:25:15.900700Z
756,2011-06-28T18:29:32.290700Z
757,2011-06-28T18:35:19.310700Z
758,2011-06-28T18:44:31.615000Z
759,2011-06-28T18:51:25.758400Z
760,2011-06-28T19:14:19.990700Z
761,2011-06-28T19:16:44.440700Z
762,2011-06-28T19:21:44.075000Z
763,2011-06-28T19:22:29.155000Z
764,2011-06-28T19:23:52.518400Z
765,2011-06-28T19:32:44.350700Z
766,2011-06-28T19:37:55.590700Z
767,2011-06-28T19:55:59.460700Z
768,2011-06-28T20:02:02.160000Z
769,2011-06-28T20:09:30.000700Z
770,2011-06-28T20:24:16.250600Z
771,2011-06-28T20:36:34.068400Z
772,2011-06-28T20:39:39.820000Z
773,2011-06-28T20:39:46.470600Z
774,2011-06-28T20:47:00.570700Z
775,2011-06-28T20:56:40.890700Z
776,2011-06-28T21:02:45.160000Z
777,2011-06-28T21:05:07.810700Z
778,2011-06-28T21:10:25.080000Z
779,2011-06-28T21:11:52.530600Z
780,2011-06-28T21:13:48.290700Z
781,2011-06-28T21:15:13.670700Z
782,2011-06-28T21:15:46.680700Z
783,2011-06-28T21:16:28.700600Z
784,2011-06-28T21:19:25.770600Z
785,2011-06-28T21:19:26.520000Z
786,2011-06-28T21:21:43.200600Z
787,2011-06-28T21:26:39.710600Z
788,2011-06-28T21:26:43.080000Z
789,2011-06-28T21:29:34.550700Z
790,2011-06-28T21:35:39.710700Z
791,2011-06-28T21:39:19.200600Z
792,2011-06-28T21:39:22.180000Z
793,2011-06-28T21:42:06.440700Z
794,2011-06-28T21:47:03.990700Z
795,2011-06-28T21:50:35.850700Z
796,2011-06-28T21:51:22.060700Z
797,2011-06-28T22:03:49.390000Z
798,2011-06-28T22:13:37.920000Z
799,2011-06-28T22:16:15.080000Z
800,2011-06-28T22:23:00.120000Z
801,2011-06-28T22:25:54.920000Z
802,2011-06-28T22:32:30.480000Z
803,2011-06-28T22:36:02.900000Z
804,2011-06-28T22:42:44.590000Z
805,2011-06-28T22:43:20.080000Z
806,2011-06-28T22:46:15.140000Z
807,2011-06-28T22:55:03.280000Z
808,2011-06-28T23:06:14.140000Z
809,2011-06-28T23:13:22.650000Z
810,2011-06-28T23:22:47.670000Z
811,2011-06-28T23:26:56.100000Z
812,2011-06-28T23:28:55.250000Z
813,2011-06-28T23:34:41.970000Z
814,2011-06-28T23:49:07.970000Z
815,2011-06-28T23:49:14.940000Z
816,2011-06-28T23:53:15.490000Z
817,2011-06-28T23:58:05.950000Z
818,2011-06-29T00:02:27.780000Z
819,2011-06-29T00:07:06.850000Z
820,2011-06-29T00:12:20.838400Z
821,2011-06-29T00:48:30.990000Z
822,2011-06-29T00:51:41.130000Z
823,2011-06-29T00:56:33.220000Z
824,2011-06-29T00:56:49.330000Z
825,2011-06-29T01:11:08.460000Z
826,2011-06-29T01:16:28.600000Z
827,2011-06-29T01:52:40.340000Z
828,2011-06-29T01:59:41.590000Z
829,2011-06-29T02:17:18.180000Z
830,2011-06-29T02:21:41.500000Z
831,2011-06-29T02:33:17.400000Z
832,2011-06-29T02:38:43.010000Z
833,2011-06-29T02:44:32.180000Z
834,2011-06-29T03:05:33.580000Z
835,2011-06-29T03:11:48.300000Z
836,2011-06-29T03:15:26.030000Z
837,2011-06-29T03:25:32.070000Z
838,2011-06-29T03:31:30.720000Z
839,2011-06-29T03:38:12.140000Z
840,2011-06-29T03:39:39.300000Z
841,2011-06-29T03:42:05.230000Z
842,2011-06-29T03:50:27.300000Z
843,2011-06-29T04:28:27.910000Z
844,2011-06-29T04:30:10.150000Z
845,2011-06-29T04:53:48.220000Z
846,2011-06-29T05:03:06.680000Z
847,2011-06-29T05:18:23.710000Z
848,2011-06-29T05:20:41.100000Z
849,2011-06-29T05:22:04.320000Z
850,2011-06-29T05:27:07.520000Z
851,2011-06-29T05:29:31.950000Z
852,2011-06-29T05:37:01.180000Z
853,2011-06-29T05:44:11.790000Z
854,2011-06-29T05:47:38.440000Z
855,2011-06-29T05:55:19.390000Z
856,2011-06-29T06:04:36.520000Z
857,2011-06-29T06:07:51.640000Z
858,2011-06-29T06:12:51.210000Z
859,2011-06-29T06:15:40.280000Z
860,2011-06-29T06:25:05.420000Z
861,2011-06-29T06:46:02.260000Z
862,2011-06-29T06:49:22.330000Z
863,2011-06-29T07:01:07.580000Z
864,2011-06-29T07:16:44.080000Z
865,2011-06-29T07:31:09.050000Z
866,2011-06-29T07:50:36.460000Z
867,2011-06-29T08:03:01.150000Z
868,2011-06-29T08:31:59.560000Z
869,2011-06-29T08:37:09.640000Z
870,2011-06-29T08:45:48.500000Z
871,2011-06-29T09:09:33.880000Z
872,2011-06-29T09:17:27.580000Z
873,2011-06-29T09:18:14.690000Z
874,2011-06-29T09:29:24.910000Z
875,2011-06-29T09:51:17.730000Z
876,2011-06-29T09:55:02.780000Z
877,2011-06-29T09:59:31.670000Z
878,2011-06-29T10:00:51.449900Z
879,2011-06-29T10:12:28.749900Z
880,2011-06-29T10:12:33.419900Z
881,2011-06-29T10:27:25.299900Z
882,2011-06-29T10:37:12.709900Z
883,2011-06-29T10:48:25.209900Z
884,2011-06-29T10:56:21.029900Z
885,2011-06-29T10:56:27.239900Z
886,2011-06-29T11:28:22.429900Z
887,2011-06-29T11:37:34.459900Z
888,2011-06-29T11:40:01.939900Z
889,2011-06-29T11:45:27.049900Z
890,2011-06-29T11:47:17.629900Z
891,2011-06-29T11:51:10.679900Z
892,2011-06-29T11:56:36.009900Z
893,2011-06-29T11:57:57.229900Z
894,2011-06-29T12:01:17.649900Z
895,2011-06-29T12:05:36.389900Z
896,2011-06-29T12:09:50.139900Z
897,2011-06-29T12:29:30.829900Z
898,2011-06-29T12:38:14.289900Z
899,2011-06-29T12:38:58.229900Z
900,2011-06-29T12:51:44.409900Z
901,2011-06-29T13:00:06.599900Z
902,2011-06-29T13:01:55.819900Z
903,2011-06-29T13:06:39.629900Z
904,2011-06-29T13:32:02.419900Z
905,2011-06-29T13:34:20.739900Z
906,2011-06-29T13:38:35.840000Z
907,2011-06-29T13:57:11.849900Z
908,2011-06-29T14:12:36.979900Z
909,2011-06-29T14:20:49.660000Z
910,2011-06-29T14:22:30.179900Z
911,2011-06-29T14:44:37.935000Z
912,2011-06-29T15:03:48.089900Z
913,2011-06-29T15:11:20.009900Z
914,2011-06-29T15:19:03.329900Z
915,2011-06-29T15:20:39.409900Z
916,2011-06-29T15:27:29.848400Z
917,2011-06-29T15:46:12.230000Z
918,2011-06-29T16:16:58.749900Z
919,2011-06-29T16:37:07.949900Z
920,2011-06-29T16:40:32.509900Z
921,2011-06-29T16:42:04.339900Z
922,2011-06-29T17:11:15.309900Z
923,2011-06-29T17:14:47.820000Z
924,2011-06-29T17:19:46.089900Z
925,2011-06-29T17:25:44.869900Z
926,2011-06-29T17:26:30.979900Z
927,2011-06-29T17:28:29.275000Z
928,2011-06-29T17:29:27.259900Z
929,2011-06-29T17:39:51.949900Z
930,2011-06-29T17:53:29.780000Z
931,2011-06-29T18:24:43.219900Z
932,2011-06-29T18:37:18.189900Z
933,2011-06-29T18:48:08.049900Z
934,2011-06-29T18:54:46.179900Z
935,2011-06-29T19:05:15.400000Z
936,2011-06-29T19:16:38.019900Z
937,2011-06-29T19:40:56.819900Z
938,2011-06-29T20:19:07.879900Z
939,2011-06-29T20:23:40.548400Z
940,2011-06-29T20:36:50.128400Z
941,2011-06-29T20:38:00.919900Z
942,2011-06-29T20:44:07.869900Z
943,2011-06-29T20:46:40.549900Z
944,2011-06-29T20:54:20.779900Z
945,2011-06-29T20:56:56.748400Z
946,2011-06-29T21:00:05.200000Z
947,2011-06-29T21:04:41.689900Z
948,2011-06-29T21:08:32.099900Z
949,2011-06-29T21:10:21.159900Z
950,2011-06-29T21:16:27.009900Z
951,2011-06-29T21:28:04.320000Z
952,2011-06-29T21:48:54.920000Z
953,2011-06-29T21:51:06.829900Z
954,2011-06-29T21:51:24.120000Z
955,2011-06-29T21:53:33.018400Z
956,2011-06-29T22:02:36.189900Z
957,2011-06-29T22:05:26.739900Z
958,2011-06-29T22:07:52.339900Z
959,2011-06-29T22:12:06.449900Z
960,2011-06-29T22:12:16.149900Z
961,2011-06-29T22:19:31.759900Z
962,2011-06-29T22:30:12.539900Z
963,2011-06-29T22:54:50.619900Z
964,2011-06-29T23:06:43.859900Z
965,2011-06-29T23:30:35.619900Z
966,2011-06-29T23:31:28.179900Z
967,2011-06-29T23:42:58.319900Z
968,2011-06-29T23:49:20.999900Z
969,2011-06-30T00:00:47.109900Z
970,2011-06-30T00:32:12.409900Z
971,2011-06-30T00:36:00.139900Z
972,2011-06-30T00:53:02.389900Z
973,2011-06-30T00:56:36.479900Z
974,2011-06-30T01:19:14.709900Z
975,2011-06-30T01:24:54.900000Z
976,2011-06-30T01:39:12.899900Z
977,2011-06-30T02:11:15.409900Z
978,2011-06-30T02:13:46.355000Z
979,2011-06-30T03:01:58.400000Z
980,2011-06-30T03:02:38.489900Z
981,2011-06-30T03:04:06.729900Z
982,2011-06-30T03:36:01.699900Z
983,2011-06-30T03:41:10.309900Z
984,2011-06-30T03:53:31.989900Z
985,2011-06-30T04:07:09.020000Z
986,2011-06-30T04:10:53.150000Z
987,2011-06-30T04:12:04.980000Z
988,2011-06-30T04:26:24.980000Z
989,2011-06-30T04:57:06.250000Z
990,2011-06-30T05:07:54.570000Z
991,2011-06-30T05:19:50.920000Z
992,2011-06-30T05:34:33.270000Z
993,2011-06-30T06:04:00.490000Z
994,2011-06-30T06:09:40.690000Z
995,2011-06-30T06:48:41.200000Z
996,2011-06-30T06:50:18.135000Z
997,2011-06-30T07:03:10.540000Z
998,2011-06-30T07:10:13.380000Z
999,2011-06-30T07:14:51.430000Z
1000,2011-06-30T07:33:15.640000Z
1001,2011-06-30T07:54:11.660000Z
1002,2011-06-30T08:18:27.320000Z
1003,2011-06-30T08:29:38.350000Z
1004,2011-06-30T09:00:07.550000Z
1005,2011-06-30T09:07:08.420000Z
1006,2011-06-30T09:12:18.370000Z
1007,2011-06-30T09:13:36.690000Z
1008,2011-06-30T09:22:49.890000Z
1009,2011-06-30T09:25:30.740000Z
1010,2011-06-30T10:01:27.240000Z
1011,2011-06-30T10:03:24.790000Z
1012,2011-06-30T10:17:43.450000Z
1013,2011-06-30T10:23:48.490000Z
1014,2011-06-30T10:40:10.470000Z
1015,2011-06-30T10:47:56.360000Z
1016,2011-06-30T11:23:03.740000Z
1017,2011-06-30T11:31:07.180000Z
1018,2011-06-30T11:33:18.450000Z
1019,2011-06-30T11:38:33.660000Z
1020,2011-06-30T11:56:30.850000Z
1021,2011-06-30T12:11:03.288400Z
1022,2011-06-30T12:16:54.370000Z
1023,2011-06-30T12:33:52.810000Z
1024,2011-06-30T12:41:10.190000Z
1025,2011-06-30T12:43:56.490000Z
1026,2011-06-30T12:49:51.120000Z
1027,2011-06-30T13:13:34.730000Z
1028,2011-06-30T13:25:24.140000Z
1029,2011-06-30T13:56:08.680000Z
1030,2011-06-30T14:21:08.480000Z
1031,2011-06-30T14:32:23.350000Z
1032,2011-06-30T14:55:02.970000Z
1033,2011-06-30T14:58:26.190000Z
1034,2011-06-30T15:29:37.000000Z
1035,2011-06-30T16:00:20.000000Z
1036,2011-06-30T16:11:24.500000Z
1037,2011-06-30T16:14:50.190000Z
1038,2011-06-30T16:28:43.950000Z
1039,2011-06-30T16:32:31.350000Z
1040,2011-06-30T16:34:52.780000Z
1041,2011-06-30T16:48:02.150000Z
1042,2011-06-30T16:53:39.030000Z
1043,2011-06-30T16:59:04.670000Z
1044,2011-06-30T17:00:22.630000Z
1045,2011-06-30T17:01:02.808400Z
1046,2011-06-30T17:10:43.170000Z
1047,2011-06-30T17:24:28.060000Z
1048,2011-06-30T17:26:47.330000Z
1049,2011-06-30T17:29:15.720000Z
1050,2011-06-30T17:30:30.710000Z
1051,2011-06-30T17:41:23.010000Z
1052,2011-06-30T17:44:11.760000Z
1053,2011-06-30T17:45:21.600000Z
1054,2011-06-30T17:46:01.080000Z
1055,2011-06-30T17:54:12.558400Z
1056,2011-06-30T17:56:11.100000Z
1057,2011-06-30T17:57:40.280000Z
1058,2011-06-30T18:01:05.280000Z
1059,2011-06-30T18:10:41.660000Z
1060,2011-06-30T18:14:47.208400Z
1061,2011-06-30T18:16:48.990000Z
1062,2011-06-30T18:21:33.880000Z
1063,2011-06-30T18:23:28.100000Z
1064,2011-06-30T18:27:14.520000Z
1065,2011-06-30T18:29:14.340000Z
1066,2011-06-30T18:35:01.310000Z
1067,2011-06-30T18:47:51.300000Z
1068,2011-06-30T18:49:21.608400Z
1069,2011-06-30T18:50:24.370000Z
1070,2011-06-30T19:04:31.048400Z
1071,2011-06-30T19:07:46.780000Z
1072,2011-06-30T19:09:12.480000Z
1073,2011-06-30T19:15:35.940000Z
1074,2011-06-30T19:15:41.910000Z
1075,2011-06-30T19:22:41.390000Z
1076,2011-06-30T19:23:29.100000Z
1077,2011-06-30T19:24:38.640000Z
1078,2011-06-30T19:31:08.870000Z
1079,2011-06-30T19:33:34.810000Z
1080,2011-06-30T19:34:52.580000Z
1081,2011-06-30T19:36:20.030000Z
1082,2011-06-30T19:38:43.370000Z
1083,2011-06-30T19:47:31.955000Z
1084,2011-06-30T19:49:34.150000Z
1085,2011-06-30T19:50:20.910000Z
1086,2011-06-30T19:59:38.730000Z
1087,2011-06-30T20:09:19.970000Z
1088,2011-06-30T20:11:56.840000Z
1089,2011-06-30T20:16:27.750000Z
1090,2011-06-30T20:21:23.500000Z
1091,2011-06-30T20:23:48.900000Z
1092,2011-06-30T20:36:04.510000Z
1093,2011-06-30T20:38:55.790000Z
1094,2011-06-30T20:39:50.380000Z
1095,2011-06-30T20:40:39.150000Z
1096,2011-06-30T20:42:15.980000Z
1097,2011-06-30T20:47:11.740000Z
1098,2011-06-30T20:51:46.540000Z
1099,2011-06-30T21:06:33.150000Z
1100,2011-06-30T21:09:55.430000Z
1101,2011-06-30T21:11:17.980000Z
1102,2011-06-30T21:16:14.098400Z
1103,2011-06-30T21:18:04.400000Z
1104,2011-06-30T21:26:05.020000Z
1105,2011-06-30T21:26:12.940000Z
1106,2011-06-30T21:30:17.650000Z
1107,2011-06-30T21:33:21.120000Z
1108,2011-06-30T21:35:31.170000Z
1109,2011-06-30T21:38:43.880000Z
1110,2011-06-30T21:39:29.160000Z
1111,2011-06-30T21:40:08.160000Z
1112,2011-06-30T21:44:15.768400Z
1113,2011-06-30T21:46:04.630000Z
1114,2011-06-30T21:49:37.260000Z
1115,2011-06-30T21:50:55.910000Z
1116,2011-06-30T21:52:25.060000Z
1117,2011-06-30T22:02:37.809900Z
1118,2011-06-30T22:27:41.509900Z
1119,2011-06-30T22:30:10.769900Z
1120,2011-06-30T22:34:47.489900Z
1121,2011-06-30T22:36:46.269900Z
1122,2011-06-30T22:37:37.989900Z
1123,2011-06-30T22:40:30.948400Z
1124,2011-06-30T22:42:47.039900Z
1125,2011-06-30T22:44:14.929900Z
1126,2011-06-30T22:46:05.739900Z
1127,2011-06-30T22:48:43.179900Z
1128,2011-06-30T22:53:24.239900Z
1129,2011-06-30T22:56:55.189900Z
1130,2011-06-30T22:58:53.309900Z
1131,2011-06-30T23:01:28.049900Z
1132,2011-06-30T23:03:17.879900Z
1133,2011-06-30T23:11:23.779900Z
1134,2011-06-30T23:14:31.889900Z
1135,2011-06-30T23:18:09.379900Z
1136,2011-06-30T23:18:12.119900Z
1137,2011-06-30T23:37:17.079900Z
1138,2011-06-30T23:50:53.839900Z
1139,2011-06-30T23:52:51.839900Z
1140,2011-06-30T23:58:16.189900Z
1141,2011-07-01T00:01:09.539900Z
1142,2011-07-01T00:18:38.719900Z
1143,2011-07-01T00:18:41.429900Z
1144,2011-07-01T00:19:53.949900Z
1145,2011-07-01T00:22:52.179900Z
1146,2011-07-01T00:25:03.089900Z
1147,2011-07-01T00:28:38.269900Z
1148,2011-07-01T00:34:27.479900Z
1149,2011-07-01T00:40:35.669900Z
1150,2011-07-01T00:44:42.299900Z
1151,2011-07-01T00:51:33.849900Z
1152,2011-07-01T00:59:01.849900Z
1153,2011-07-01T01:02:56.139900Z
1154,2011-07-01T01:06:55.249900Z
1155,2011-07-01T01:09:44.759900Z
1156,2011-07-01T01:11:33.279900Z
1157,2011-07-01T01:22:57.169900Z
1158,2011-07-01T01:28:36.999900Z
1159,2011-07-01T01:44:34.529900Z
1160,2011-07-01T01:49:20.719900Z
1161,2011-07-01T02:02:51.139900Z
1162,2011-07-01T02:08:41.409900Z
1163,2011-07-01T02:14:33.309900Z
1164,2011-07-01T02:15:20.159900Z
1165,2011-07-01T02:26:12.639900Z
1166,2011-07-01T02:27:34.848400Z
1167,2011-07-01T02:30:22.199900Z
1168,2011-07-01T02:31:27.118400Z
1169,2011-07-01T02:33:37.989900Z
1170,2011-07-01T02:33:44.059900Z
1171,2011-07-01T02:36:10.129900Z
1172,2011-07-01T02:39:25.449900Z
1173,2011-07-01T02:46:29.069900Z
1174,2011-07-01T02:50:33.999900Z
1175,2011-07-01T02:54:57.039900Z
1176,2011-07-01T02:59:29.479900Z
1177,2011-07-01T03:05:50.349900Z
1178,2011-07-01T03:07:33.959900Z
1179,2011-07-01T03:10:24.069900Z
1180,2011-07-01T03:21:15.099900Z
1181,2011-07-01T03:25:37.039900Z
1182,2011-07-01T03:26:41.729900Z
1183,2011-07-01T03:30:25.218400Z
1184,2011-07-01T03:41:46.559900Z
1185,2011-07-01T03:48:39.009900Z
1186,2011-07-01T03:49:53.589900Z
1187,2011-07-01T04:08:16.720000Z
1188,2011-07-01T04:17:22.900600Z
1189,2011-07-01T04:17:29.790700Z
1190,2011-07-01T04:22:45.210700Z
1191,2011-07-01T04:24:35.080000Z
1192,2011-07-01T04:25:47.308400Z
1193,2011-07-01T04:39:20.250600Z
1194,2011-07-01T04:47:44.000000Z
1195,2011-07-01T04:54:37.600500Z
1196,2011-07-01T04:58:27.540500Z
1197,2011-07-01T04:59:53.270700Z
1198,2011-07-01T05:06:25.280000Z
1199,2011-07-01T05:09:05.230600Z
1200,2011-07-01T05:15:22.400700Z
1201,2011-07-01T05:34:32.380000Z
1202,2011-07-01T05:44:41.360500Z
1203,2011-07-01T06:00:46.670700Z
1204,2011-07-01T06:04:22.900600Z
1205,2011-07-01T06:14:10.740700Z
1206,2011-07-01T06:34:22.510600Z
1207,2011-07-01T06:37:10.650600Z
1208,2011-07-01T06:47:25.820700Z
1209,2011-07-01T07:14:01.220600Z
1210,2011-07-01T07:17:18.770700Z
1211,2011-07-01T07:21:10.320700Z
1212,2011-07-01T07:42:39.340700Z
1213,2011-07-01T07:47:12.380600Z
1214,2011-07-01T08:12:33.820600Z
1215,2011-07-01T08:33:37.310700Z
1216,2011-07-01T08:43:14.570700Z
1217,2011-07-01T08:45:55.100600Z
1218,2011-07-01T08:59:44.700700Z
1219,2011-07-01T09:14:57.650600Z
1220,2011-07-01T09:18:14.410700Z
1221,2011-07-01T09:24:44.190000Z
1222,2011-07-01T09:57:31.060600Z
1223,2011-07-01T10:12:25.550000Z
1224,2011-07-01T10:16:15.640000Z
1225,2011-07-01T10:20:41.370000Z
1226,2011-07-01T10:26:32.600000Z
1227,2011-07-01T10:29:19.970000Z
1228,2011-07-01T11:08:21.990000Z
1229,2011-07-01T11:34:19.610000Z
1230,2011-07-01T11:41:09.550000Z
1231,2011-07-01T11:50:05.840000Z
1232,2011-07-01T11:55:49.500000Z
1233,2011-07-01T11:57:53.400000Z
1234,2011-07-01T12:05:43.220000Z
1235,2011-07-01T12:06:08.070000Z
1236,2011-07-01T12:09:37.510000Z
1237,2011-07-01T12:24:45.590000Z
1238,2011-07-01T12:27:56.780000Z
1239,2011-07-01T12:41:04.510000Z
1240,2011-07-01T12:59:08.100000Z
1241,2011-07-01T13:17:40.760000Z
1242,2011-07-01T13:29:11.570000Z
1243,2011-07-01T13:31:05.175000Z
1244,2011-07-01T13:48:15.870000Z
1245,2011-07-01T13:52:25.080000Z
1246,2011-07-01T14:01:04.550000Z
1247,2011-07-01T14:06:08.370000Z
1248,2011-07-01T14:40:05.190000Z
1249,2011-07-01T14:48:21.390000Z
1250,2011-07-01T15:08:50.460000Z
1251,2011-07-01T15:10:25.220000Z
1252,2011-07-01T15:30:42.350000Z
1253,2011-07-01T15:33:46.020000Z
1254,2011-07-01T15:49:29.620000Z
1255,2011-07-01T16:15:14.119900Z
1256,2011-07-01T16:17:51.480000Z
1257,2011-07-01T16:23:04.329900Z
1258,2011-07-01T16:26:22.649900Z
1259,2011-07-01T16:43:51.889900Z
1260,2011-07-01T17:03:06.439900Z
1261,2011-07-01T17:07:06.339900Z
1262,2011-07-01T17:09:43.380000Z
1263,2011-07-01T17:21:20.039900Z
1264,2011-07-01T17:22:03.569900Z
1265,2011-07-01T17:28:29.569900Z
1266,2011-07-01T17:32:17.319900Z
1267,2011-07-01T17:39:46.889900Z
1268,2011-07-01T17:45:18.799900Z
1269,2011-07-01T17:50:34.999900Z
1270,2011-07-01T18:02:17.709900Z
1271,2011-07-01T18:02:43.609900Z
1272,2011-07-01T18:08:12.509900Z
1273,2011-07-01T18:12:10.519900Z
1274,2011-07-01T18:14:00.409900Z
1275,2011-07-01T18:15:29.189900Z
1276,2011-07-01T18:23:45.069900Z
1277,2011-07-01T18:33:43.289900Z
1278,2011-07-01T18:35:24.399900Z
1279,2011-07-01T18:35:24.969900Z
1280,2011-07-01T18:36:36.729900Z
1281,2011-07-01T18:38:38.339900Z
1282,2011-07-01T18:43:22.669900Z
1283,2011-07-01T18:56:11.099900Z
1284,2011-07-01T19:00:45.869900Z
1285,2011-07-01T19:06:09.000000Z
1286,2011-07-01T19:11:03.638400Z
1287,2011-07-01T19:19:19.999900Z
1288,2011-07-01T19:21:21.149900Z
1289,2011-07-01T19:23:34.039900Z
1290,2011-07-01T19:25:21.149900Z
1291,2011-07-01T19:30:58.289900Z
1292,2011-07-01T19:31:52.249900Z
1293,2011-07-01T19:38:13.180000Z
1294,2011-07-01T19:40:18.959900Z
1295,2011-07-01T19:41:20.489900Z
1296,2011-07-01T19:45:23.739900Z
1297,2011-07-01T19:49:11.049900Z
1298,2011-07-01T19:51:52.129900Z
1299,2011-07-01T19:59:59.689900Z
1300,2011-07-01T20:00:00.169900Z
1301,2011-07-01T20:10:52.089900Z
1302,2011-07-01T20:11:39.940000Z
1303,2011-07-01T20:32:26.009900Z
1304,2011-07-01T20:35:05.189900Z
1305,2011-07-01T20:36:35.008400Z
1306,2011-07-01T20:44:12.800000Z
1307,2011-07-01T20:47:28.298400Z
1308,2011-07-01T20:50:05.439900Z
1309,2011-07-01T20:51:35.239900Z
1310,2011-07-01T20:52:24.429900Z
1311,2011-07-01T20:59:15.099900Z
1312,2011-07-01T21:24:14.319900Z
1313,2011-07-01T21:24:51.798400Z
1314,2011-07-01T21:28:05.559900Z
1315,2011-07-01T21:34:23.649900Z
1316,2011-07-01T21:37:05.669900Z
1317,2011-07-01T21:39:39.269900Z
1318,2011-07-01T21:43:53.009900Z
1319,2011-07-01T21:49:23.559900Z
1320,2011-07-01T21:50:27.669900Z
1321,2011-07-01T21:58:54.739900Z
1322,2011-07-01T22:02:43.429900Z
1323,2011-07-01T22:08:19.020000Z
1324,2011-07-01T22:23:02.349900Z
1325,2011-07-01T22:27:07.809900Z
1326,2011-07-01T22:28:26.799900Z
1327,2011-07-01T22:32:39.328400Z
1328,2011-07-01T22:43:07.949900Z
1329,2011-07-01T22:50:55.569900Z
1330,2011-07-01T22:52:43.989900Z
1331,2011-07-01T23:04:56.649900Z
1332,2011-07-01T23:07:38.059900Z
1333,2011-07-01T23:09:38.100000Z
1334,2011-07-01T23:17:31.459900Z
1335,2011-07-01T23:21:08.655000Z
1336,2011-07-01T23:25:31.689900Z
1337,2011-07-01T23:25:35.749900Z
1338,2011-07-01T23:27:21.399900Z
1339,2011-07-01T23:29:59.089900Z
1340,2011-07-01T23:40:20.949900Z
1341,2011-07-01T23:40:22.699900Z
1342,2011-07-01T23:41:38.419900Z
1343,2011-07-01T23:42:35.909900Z
1344,2011-07-01T23:53:53.739900Z
1345,2011-07-01T23:55:40.080000Z
1346,2011-07-01T23:56:18.239900Z
1347,2011-07-01T23:56:19.389900Z
1348,2011-07-01T23:59:04.480000Z
1349,2011-07-02T00:04:32.519900Z
1350,2011-07-02T00:23:31.829900Z
1351,2011-07-02T00:26:59.339900Z
1352,2011-07-02T00:29:55.619900Z
1353,2011-07-02T00:45:56.469900Z
1354,2011-07-02T00:50:17.899900Z
1355,2011-07-02T00:56:49.439900Z
1356,2011-07-02T00:56:51.139900Z
1357,2011-07-02T01:10:17.419900Z
1358,2011-07-02T01:38:19.099900Z
1359,2011-07-02T01:46:46.109900Z
1360,2011-07-02T01:55:24.740000Z
1361,2011-07-02T02:14:09.569900Z
1362,2011-07-02T02:19:00.289900Z
1363,2011-07-02T02:22:09.199900Z
1364,2011-07-02T02:39:29.869900Z
1365,2011-07-02T02:50:52.660000Z
1366,2011-07-02T02:53:29.419900Z
1367,2011-07-02T02:54:07.389900Z
1368,2011-07-02T03:00:12.169900Z
1369,2011-07-02T03:11:18.769900Z
1370,2011-07-02T03:12:47.819900Z
1371,2011-07-02T03:24:02.049900Z
1372,2011-07-02T03:24:50.119900Z
1373,2011-07-02T03:28:18.529900Z
1374,2011-07-02T03:30:28.249900Z
1375,2011-07-02T03:36:29.649900Z
1376,2011-07-02T03:46:57.429900Z
1377,2011-07-02T03:49:36.099900Z
1378,2011-07-02T03:53:29.229900Z
1379,2011-07-02T03:56:51.559900Z
1380,2011-07-02T03:58:42.369900Z
1381,2011-07-02T03:59:32.719900Z
1382,2011-07-02T04:00:21.564800Z
1383,2011-07-02T04:04:26.540000Z
1384,2011-07-02T04:09:01.072900Z
1385,2011-07-02T04:27:36.092900Z
1386,2011-07-02T04:28:24.844800Z
1387,2011-07-02T04:30:14.202900Z
1388,2011-07-02T04:31:50.984800Z
1389,2011-07-02T04:37:54.406000Z
1390,2011-07-02T04:52:53.982900Z
1391,2011-07-02T04:56:57.000000Z
1392,2011-07-02T05:12:20.442900Z
1393,2011-07-02T05:19:22.176000Z
1394,2011-07-02T05:27:10.892900Z
1395,2011-07-02T05:50:31.202900Z
1396,2011-07-02T05:52:37.020000Z
1397,2011-07-02T05:57:49.260000Z
1398,2011-07-02T06:04:21.722900Z
1399,2011-07-02T06:07:19.416000Z
1400,2011-07-02T06:10:53.924800Z
1401,2011-07-02T06:12:35.516000Z
1402,2011-07-02T06:17:51.846000Z
1403,2011-07-02T06:21:18.900000Z
1404,2011-07-02T06:24:05.420000Z
1405,2011-07-02T06:24:45.860000Z
1406,2011-07-02T06:31:55.562900Z
1407,2011-07-02T06:38:06.775500Z
1408,2011-07-02T06:51:59.144800Z
1409,2011-07-02T07:00:30.822900Z
1410,2011-07-02T07:04:41.674800Z
1411,2011-07-02T07:09:18.544800Z
1412,2011-07-02T07:27:39.712900Z
1413,2011-07-02T07:31:36.012900Z
1414,2011-07-02T07:32:23.772900Z
1415,2011-07-02T07:52:13.894800Z
1416,2011-07-02T08:00:40.352900Z
1417,2011-07-02T08:09:44.892900Z
1418,2011-07-02T08:16:33.082900Z
1419,2011-07-02T08:17:21.520000Z
1420,2011-07-02T08:52:18.216000Z
1421,2011-07-02T08:54:03.774800Z
1422,2011-07-02T09:16:16.834800Z
1423,2011-07-02T09:19:51.442900Z
1424,2011-07-02T09:26:19.774800Z
1425,2011-07-02T09:28:09.544800Z
1426,2011-07-02T09:32:20.522900Z
1427,2011-07-02T09:43:39.594800Z
1428,2011-07-02T10:00:45.599900Z
1429,2011-07-02T10:06:32.300000Z
1430,2011-07-02T10:32:41.029900Z
1431,2011-07-02T10:38:08.399900Z
1432,2011-07-02T11:05:06.309900Z
1433,2011-07-02T11:13:30.779900Z
1434,2011-07-02T11:16:49.809900Z
1435,2011-07-02T11:16:54.900000Z
1436,2011-07-02T11:17:38.949900Z
1437,2011-07-02T11:23:12.740000Z
1438,2011-07-02T11:27:56.548400Z
1439,2011-07-02T11:31:00.699900Z
1440,2011-07-02T11:36:59.879900Z
1441,2011-07-02T11:42:09.180000Z
1442,2011-07-02T11:50:00.008400Z
1443,2011-07-02T12:30:18.759900Z
1444,2011-07-02T12:33:22.299900Z
1445,2011-07-02T12:37:12.149900Z
1446,2011-07-02T12:46:15.959900Z
1447,2011-07-02T12:58:01.579900Z
1448,2011-07-02T13:14:23.899900Z
1449,2011-07-02T13:47:16.000000Z
1450,2011-07-02T13:49:41.259900Z
1451,2011-07-02T13:52:10.160000Z
1452,2011-07-02T13:59:02.180000Z
1453,2011-07-02T14:14:40.520000Z
1454,2011-07-02T14:47:32.539900Z
1455,2011-07-02T14:58:18.049900Z
1456,2011-07-02T15:12:22.649900Z
1457,2011-07-02T15:19:16.389900Z
1458,2011-07-02T15:23:28.889900Z
1459,2011-07-02T15:45:32.658400Z
1460,2011-07-02T15:46:35.529900Z
1461,2011-07-02T15:54:51.679900Z
1462,2011-07-02T16:05:49.420700Z
1463,2011-07-02T16:12:49.600700Z
1464,2011-07-02T16:20:04.960000Z
1465,2011-07-02T16:25:34.900400Z
1466,2011-07-02T16:30:41.250700Z
1467,2011-07-02T16:32:42.828400Z
1468,2011-07-02T16:41:08.290700Z
1469,2011-07-02T16:55:51.650700Z
1470,2011-07-02T16:58:19.760700Z
1471,2011-07-02T17:03:15.520000Z
1472,2011-07-02T17:06:07.510400Z
1473,2011-07-02T17:08:28.860700Z
1474,2011-07-02T17:13:26.990700Z
1475,2011-07-02T17:16:50.560400Z
1476,2011-07-02T17:20:01.800000Z
1477,2011-07-02T17:23:07.128400Z
1478,2011-07-02T17:26:46.350400Z
1479,2011-07-02T17:32:29.270700Z
1480,2011-07-02T17:33:49.920700Z
1481,2011-07-02T17:41:36.760700Z
1482,2011-07-02T17:46:59.270700Z
1483,2011-07-02T17:51:09.840400Z
1484,2011-07-02T17:55:05.790700Z
1485,2011-07-02T18:02:58.100700Z
1486,2011-07-02T18:04:33.360000Z
1487,2011-07-02T18:06:27.200700Z
1488,2011-07-02T18:09:47.320400Z
1489,2011-07-02T18:15:07.400700Z
1490,2011-07-02T18:19:55.620700Z
1491,2011-07-02T18:26:28.770700Z
1492,2011-07-02T18:35:41.260700Z
1493,2011-07-02T18:37:14.570700Z
1494,2011-07-02T18:40:02.540700Z
1495,2011-07-02T18:44:30.460400Z
1496,2011-07-02T18:45:54.615000Z
1497,2011-07-02T18:50:31.420000Z
1498,2011-07-02T18:53:33.400400Z
1499,2011-07-02T19:02:27.609900Z
1500,2011-07-02T19:05:23.830400Z
1501,2011-07-02T19:14:17.130700Z
1502,2011-07-02T19:24:15.780700Z
1503,2011-07-02T19:33:55.130400Z
1504,2011-07-02T19:36:26.310700Z
1505,2011-07-02T19:37:33.190400Z
1506,2011-07-02T19:40:37.070700Z
1507,2011-07-02T19:50:41.890700Z
1508,2011-07-02T19:54:31.630700Z
1509,2011-07-02T19:57:34.180700Z
1510,2011-07-02T20:12:11.890700Z
1511,2011-07-02T20:22:45.620700Z
1512,2011-07-02T20:28:24.860700Z
1513,2011-07-02T20:35:18.998400Z
1514,2011-07-02T20:37:27.880700Z
1515,2011-07-02T20:38:41.689900Z
1516,2011-07-02T20:44:33.600700Z
1517,2011-07-02T20:45:18.960700Z
1518,2011-07-02T20:46:18.980700Z
1519,2011-07-02T20:54:21.470700Z
1520,2011-07-02T21:00:04.570700Z
1521,2011-07-02T21:19:54.370700Z
1522,2011-07-02T21:23:22.650400Z
1523,2011-07-02T21:24:21.400000Z
1524,2011-07-02T21:25:57.450700Z
1525,2011-07-02T21:27:30.350700Z
1526,2011-07-02T21:31:06.980400Z
1527,2011-07-02T21:37:44.029900Z
1528,2011-07-02T21:41:20.770400Z
1529,2011-07-02T21:41:24.430700Z
1530,2011-07-02T21:49:14.610400Z
1531,2011-07-02T21:53:28.000700Z
1532,2011-07-02T22:00:36.980000Z
1533,2011-07-02T22:15:17.320000Z
1534,2011-07-02T22:21:43.960000Z
1535,2011-07-02T22:38:50.810000Z
1536,2011-07-02T22:52:12.040000Z
1537,2011-07-02T23:05:13.380000Z
1538,2011-07-02T23:07:59.150000Z
1539,2011-07-02T23:08:36.900000Z
1540,2011-07-02T23:15:15.460000Z
1541,2011-07-02T23:19:48.550000Z
1542,2011-07-02T23:21:52.678400Z
1543,2011-07-02T23:28:28.420000Z
1544,2011-07-02T23:31:39.900000Z
1545,2011-07-02T23:33:55.470000Z
1546,2011-07-02T23:36:02.580000Z
1547,2011-07-02T23:41:24.870000Z
1548,2011-07-02T23:44:21.190000Z
1549,2011-07-02T23:44:45.170000Z
1550,2011-07-02T23:47:43.590000Z
1551,2011-07-02T23:57:22.260000Z
1552,2011-07-03T00:01:18.430000Z
1553,2011-07-03T00:02:18.450000Z
1554,2011-07-03T00:03:15.030000Z
1555,2011-07-03T00:03:38.940000Z
1556,2011-07-03T00:05:56.600000Z
1557,2011-07-03T00:07:32.560000Z
1558,2011-07-03T00:16:43.040000Z
1559,2011-07-03T00:21:07.200000Z
1560,2011-07-03T00:29:27.138400Z
1561,2011-07-03T00:37:25.750000Z
1562,2011-07-03T00:43:19.410000Z
1563,2011-07-03T00:43:44.940000Z
1564,2011-07-03T00:50:25.840000Z
1565,2011-07-03T00:52:15.870000Z
1566,2011-07-03T00:57:39.620000Z
1567,2011-07-03T00:58:50.630000Z
1568,2011-07-03T01:12:41.780000Z
1569,2011-07-03T01:13:01.080000Z
1570,2011-07-03T01:21:51.140000Z
1571,2011-07-03T01:28:25.580000Z
1572,2011-07-03T01:30:20.030000Z
1573,2011-07-03T01:33:23.210000Z
1574,2011-07-03T01:39:56.110000Z
1575,2011-07-03T01:46:20.030000Z
1576,2011-07-03T01:58:17.240000Z
1577,2011-07-03T02:01:02.150000Z
1578,2011-07-03T02:01:33.280000Z
1579,2011-07-03T02:06:14.210000Z
1580,2011-07-03T02:19:26.920000Z
1581,2011-07-03T02:23:57.570000Z
1582,2011-07-03T02:39:39.750000Z
1583,2011-07-03T02:47:05.330000Z
1584,2011-07-03T02:49:23.360000Z
1585,2011-07-03T02:52:28.550000Z
1586,2011-07-03T03:00:30.900000Z
1587,2011-07-03T03:04:02.180000Z
1588,2011-07-03T03:07:04.340000Z
1589,2011-07-03T03:11:00.670000Z
1590,2011-07-03T03:14:35.080000Z
1591,2011-07-03T03:17:16.600000Z
1592,2011-07-03T03:28:16.770000Z
1593,2011-07-03T03:28:38.158400Z
1594,2011-07-03T03:35:24.020000Z
1595,2011-07-03T03:42:32.180000Z
1596,2011-07-03T04:00:45.910300Z
1597,2011-07-03T04:13:42.680300Z
1598,2011-07-03T04:21:36.380000Z
1599,2011-07-03T04:37:12.310300Z
1600,2011-07-03T04:48:38.500300Z
1601,2011-07-03T04:48:46.390000Z
1602,2011-07-03T05:06:19.260300Z
1603,2011-07-03T05:09:45.120300Z
1604,2011-07-03T05:19:19.840300Z
1605,2011-07-03T05:24:52.500000Z
1606,2011-07-03T05:30:10.120300Z
1607,2011-07-03T05:37:24.830300Z
1608,2011-07-03T05:44:56.690300Z
1609,2011-07-03T05:52:25.800300Z
1610,2011-07-03T06:18:14.050300Z
1611,2011-07-03T06:28:49.860300Z
1612,2011-07-03T06:31:14.050300Z
1613,2011-07-03T06:42:46.895000Z
1614,2011-07-03T06:51:09.400000Z
1615,2011-07-03T06:59:31.240300Z
1616,2011-07-03T07:20:50.940300Z
1617,2011-07-03T07:22:17.640300Z
1618,2011-07-03T07:22:22.390300Z
1619,2011-07-03T07:25:20.990300Z
1620,2011-07-03T07:33:18.740300Z
1621,2011-07-03T07:40:33.000300Z
1622,2011-07-03T07:46:06.390300Z
1623,2011-07-03T07:54:38.440300Z
1624,2011-07-03T08:04:34.610300Z
1625,2011-07-03T08:06:15.420300Z
1626,2011-07-03T08:06:49.170300Z
1627,2011-07-03T08:49:31.250300Z
1628,2011-07-03T09:00:54.900300Z
1629,2011-07-03T09:07:21.690300Z
1630,2011-07-03T09:10:36.710300Z
1631,2011-07-03T09:28:36.750300Z
1632,2011-07-03T09:29:21.780000Z
1633,2011-07-03T09:31:54.240300Z
1634,2011-07-03T09:39:57.460300Z
1635,2011-07-03T09:44:46.380300Z
1636,2011-07-03T09:46:00.330300Z
1637,2011-07-03T09:54:23.840300Z
1638,2011-07-03T10:01:36.950600Z
1639,2011-07-03T10:10:30.020500Z
1640,2011-07-03T10:12:10.900600Z
1641,2011-07-03T10:17:44.190700Z
1642,2011-07-03T10:37:34.500500Z
1643,2011-07-03T10:46:19.700600Z
1644,2011-07-03T11:06:28.440700Z
1645,2011-07-03T11:32:33.180600Z
1646,2011-07-03T11:39:03.900700Z
1647,2011-07-03T11:45:26.040000Z
1648,2011-07-03T11:53:13.340500Z
1649,2011-07-03T11:56:05.420600Z
1650,2011-07-03T12:15:50.540600Z
1651,2011-07-03T12:18:12.020700Z
1652,2011-07-03T12:25:42.970600Z
1653,2011-07-03T12:41:01.360600Z
1654,2011-07-03T12:47:02.310600Z
1655,2011-07-03T13:07:21.320600Z
1656,2011-07-03T13:10:53.070600Z
1657,2011-07-03T13:36:30.260500Z
1658,2011-07-03T13:53:08.780000Z
1659,2011-07-03T13:57:40.700600Z
1660,2011-07-03T14:07:27.780700Z
1661,2011-07-03T14:12:25.460000Z
1662,2011-07-03T14:30:51.060600Z
1663,2011-07-03T14:37:44.490600Z
1664,2011-07-03T14:42:25.940800Z
1665,2011-07-03T14:54:03.680000Z
1666,2011-07-03T14:57:41.120000Z
1667,2011-07-03T15:01:11.410700Z
1668,2011-07-03T15:04:14.340600Z
1669,2011-07-03T15:05:58.690700Z
1670,2011-07-03T15:26:36.860500Z
1671,2011-07-03T15:48:09.820800Z
1672,2011-07-03T15:55:48.270700Z
1673,2011-07-03T16:00:27.549900Z
1674,2011-07-03T16:03:54.889900Z
1675,2011-07-03T16:15:32.768400Z
1676,2011-07-03T16:15:58.339900Z
1677,2011-07-03T16:18:27.069900Z
1678,2011-07-03T16:32:10.679900Z
1679,2011-07-03T16:48:10.729900Z
1680,2011-07-03T16:52:29.069900Z
1681,2011-07-03T16:56:36.780000Z
1682,2011-07-03T17:07:51.009900Z
1683,2011-07-03T17:21:39.239900Z
1684,2011-07-03T17:36:28.839900Z
1685,2011-07-03T17:36:30.509900Z
1686,2011-07-03T17:56:53.509900Z
1687,2011-07-03T17:59:18.649900Z
1688,2011-07-03T18:07:57.939900Z
1689,2011-07-03T18:11:03.499900Z
1690,2011-07-03T18:16:58.679900Z
1691,2011-07-03T18:18:29.029900Z
1692,2011-07-03T18:25:26.679900Z
1693,2011-07-03T18:28:30.869900Z
1694,2011-07-03T18:30:33.039900Z
1695,2011-07-03T18:32:12.919900Z
1696,2011-07-03T18:33:34.019900Z
1697,2011-07-03T18:37:18.689900Z
1698,2011-07-03T18:38:39.929900Z
1699,2011-07-03T18:43:41.809900Z
1700,2011-07-03T18:55:25.080000Z
1701,2011-07-03T19:02:21.139900Z
1702,2011-07-03T19:19:03.479900Z
1703,2011-07-03T19:31:44.040000Z
1704,2011-07-03T19:35:31.799900Z
1705,2011-07-03T19:44:11.179900Z
1706,2011-07-03T19:46:25.309900Z
1707,2011-07-03T19:46:50.029900Z
1708,2011-07-03T19:51:21.789900Z
1709,2011-07-03T20:00:43.099900Z
1710,2011-07-03T20:24:10.179900Z
1711,2011-07-03T20:30:16.549900Z
1712,2011-07-03T20:32:09.059900Z
1713,2011-07-03T20:34:34.858400Z
1714,2011-07-03T20:41:11.499900Z
1715,2011-07-03T20:48:16.249900Z
1716,2011-07-03T20:56:19.639900Z
1717,2011-07-03T21:10:59.049900Z
1718,2011-07-03T21:14:59.759900Z
1719,2011-07-03T21:33:20.389900Z
1720,2011-07-03T21:54:45.849900Z
1721,2011-07-03T21:55:25.629900Z
1722,2011-07-03T22:18:23.489900Z
1723,2011-07-03T22:22:44.579900Z
1724,2011-07-03T22:25:16.879900Z
1725,2011-07-03T22:29:02.329900Z
1726,2011-07-03T22:33:41.229900Z
1727,2011-07-03T22:37:16.740000Z
1728,2011-07-03T22:39:31.879900Z
1729,2011-07-03T22:42:29.720000Z
1730,2011-07-03T22:51:25.609900Z
1731,2011-07-03T22:55:57.519900Z
1732,2011-07-03T23:02:29.489900Z
1733,2011-07-03T23:17:18.599900Z
1734,2011-07-03T23:20:08.839900Z
1735,2011-07-03T23:24:46.959900Z
1736,2011-07-03T23:26:26.409900Z
1737,2011-07-03T23:26:29.699900Z
1738,2011-07-03T23:27:05.649900Z
1739,2011-07-03T23:28:45.829900Z
1740,2011-07-03T23:33:22.109900Z
1741,2011-07-03T23:48:38.719900Z
1742,2011-07-03T23:54:49.939900Z
1743,2011-07-04T00:21:45.080000Z
1744,2011-07-04T00:54:16.789900Z
1745,2011-07-04T01:04:16.689900Z
1746,2011-07-04T01:23:03.189900Z
1747,2011-07-04T01:38:01.729900Z
1748,2011-07-04T01:46:44.659900Z
1749,2011-07-04T01:51:50.079900Z
1750,2011-07-04T02:04:31.719900Z
1751,2011-07-04T02:14:31.459900Z
1752,2011-07-04T02:14:33.279900Z
1753,2011-07-04T02:28:45.319900Z
1754,2011-07-04T02:37:10.129900Z
1755,2011-07-04T02:54:24.419900Z
1756,2011-07-04T03:03:21.869900Z
1757,2011-07-04T03:11:09.239900Z
1758,2011-07-04T03:42:30.189900Z
1759,2011-07-04T03:53:37.109900Z
1760,2011-07-04T03:59:23.909900Z
1761,2011-07-04T04:08:01.009900Z
1762,2011-07-04T04:46:27.160000Z
1763,2011-07-04T04:53:06.180000Z
1764,2011-07-04T05:00:38.469900Z
1765,2011-07-04T05:15:50.369900Z
1766,2011-07-04T05:26:47.679900Z
1767,2011-07-04T05:29:58.740000Z
1768,2011-07-04T05:34:34.159900Z
1769,2011-07-04T06:20:34.359900Z
1770,2011-07-04T06:21:15.589900Z
1771,2011-07-04T06:23:22.189900Z
1772,2011-07-04T06:26:50.049900Z
1773,2011-07-04T06:40:20.349900Z
1774,2011-07-04T06:53:05.229900Z
1775,2011-07-04T07:08:14.549900Z
1776,2011-07-04T07:09:28.249900Z
1777,2011-07-04T08:03:32.029900Z
1778,2011-07-04T08:18:18.089900Z
1779,2011-07-04T08:37:14.839900Z
1780,2011-07-04T08:59:49.459900Z
1781,2011-07-04T09:17:13.309900Z
1782,2011-07-04T09:18:48.809900Z
1783,2011-07-04T09:21:37.459900Z
1784,2011-07-04T09:46:11.619900Z
1785,2011-07-04T09:59:47.580000Z
1786,2011-07-04T10:27:39.800000Z
1787,2011-07-04T11:02:22.289900Z
1788,2011-07-04T11:09:00.080000Z
1789,2011-07-04T11:15:22.029900Z
1790,2011-07-04T11:19:29.739900Z
1791,2011-07-04T11:19:56.249900Z
1792,2011-07-04T11:50:30.569900Z
1793,2011-07-04T13:06:25.260000Z
1794,2011-07-04T13:24:24.199900Z
1795,2011-07-04T13:27:27.689900Z
1796,2011-07-04T13:55:17.269900Z
1797,2011-07-04T14:01:00.449900Z
1798,2011-07-04T14:05:43.479900Z
1799,2011-07-04T14:19:09.835000Z
1800,2011-07-04T14:20:37.429900Z
1801,2011-07-04T14:24:52.249900Z
1802,2011-07-04T14:32:41.399900Z
1803,2011-07-04T14:34:09.489900Z
1804,2011-07-04T14:38:55.380000Z
1805,2011-07-04T15:03:59.889900Z
1806,2011-07-04T15:25:12.239900Z
1807,2011-07-04T16:17:13.080900Z
1808,2011-07-04T16:48:10.071000Z
1809,2011-07-04T16:49:33.040700Z
1810,2011-07-04T17:11:51.400000Z
1811,2011-07-04T17:14:19.811000Z
1812,2011-07-04T17:27:33.191000Z
1813,2011-07-04T17:28:00.460900Z
1814,2011-07-04T17:29:28.531000Z
1815,2011-07-04T17:36:26.511000Z
1816,2011-07-04T17:39:30.630700Z
1817,2011-07-04T17:42:45.691000Z
1818,2011-07-04T17:51:30.480000Z
1819,2011-07-04T17:58:23.400000Z
1820,2011-07-04T18:08:36.351000Z
1821,2011-07-04T18:11:20.480000Z
1822,2011-07-04T18:29:51.740000Z
1823,2011-07-04T18:31:14.510900Z
1824,2011-07-04T18:36:40.940700Z
1825,2011-07-04T18:40:54.940600Z
1826,2011-07-04T18:47:27.440000Z
1827,2011-07-04T18:54:25.870600Z
1828,2011-07-04T18:58:25.741000Z
1829,2011-07-04T19:01:57.590900Z
1830,2011-07-04T19:06:35.170900Z
1831,2011-07-04T19:09:01.050900Z
1832,2011-07-04T19:11:24.440600Z
1833,2011-07-04T19:11:59.201000Z
1834,2011-07-04T19:18:59.360600Z
1835,2011-07-04T19:22:59.340000Z
1836,2011-07-04T19:25:24.470900Z
1837,2011-07-04T19:29:46.490900Z
1838,2011-07-04T19:35:37.910900Z
1839,2011-07-04T19:38:29.700700Z
1840,2011-07-04T19:39:25.400900Z
1841,2011-07-04T19:56:46.760900Z
1842,2011-07-04T20:02:10.210700Z
1843,2011-07-04T20:02:18.801000Z
1844,2011-07-04T20:08:33.380600Z
1845,2011-07-04T20:17:17.810600Z
1846,2011-07-04T20:19:47.520000Z
1847,2011-07-04T20:19:57.011000Z
1848,2011-07-04T20:26:28.661000Z
1849,2011-07-04T20:31:18.670900Z
1850,2011-07-04T20:34:11.031000Z
1851,2011-07-04T20:38:58.051000Z
1852,2011-07-04T20:40:58.180600Z
1853,2011-07-04T20:46:07.700900Z
1854,2011-07-04T20:47:00.141000Z
1855,2011-07-04T20:55:06.375000Z
1856,2011-07-04T20:57:54.420900Z
1857,2011-07-04T21:06:46.955000Z
1858,2011-07-04T21:13:23.801000Z
1859,2011-07-04T21:18:02.420900Z
1860,2011-07-04T21:22:04.290700Z
1861,2011-07-04T21:24:28.831000Z
1862,2011-07-04T21:27:41.960900Z
1863,2011-07-04T21:39:48.091000Z
1864,2011-07-04T21:41:35.980700Z
1865,2011-07-04T21:52:09.820000Z
1866,2011-07-04T21:53:06.140600Z
1867,2011-07-04T21:55:00.560900Z
1868,2011-07-04T21:57:14.920900Z
1869,2011-07-04T22:00:20.000100Z
1870,2011-07-04T22:01:23.600300Z
1871,2011-07-04T22:02:14.360300Z
1872,2011-07-04T22:19:40.960300Z
1873,2011-07-04T22:22:15.600300Z
1874,2011-07-04T22:24:15.280300Z
1875,2011-07-04T22:27:08.070300Z
1876,2011-07-04T22:44:54.450300Z
1877,2011-07-04T22:46:46.850300Z
1878,2011-07-04T22:48:54.690100Z
1879,2011-07-04T22:57:48.970100Z
1880,2011-07-04T22:57:49.320300Z
1881,2011-07-04T23:01:59.260300Z
1882,2011-07-04T23:04:54.850300Z
1883,2011-07-04T23:04:58.050200Z
1884,2011-07-04T23:05:55.710300Z
1885,2011-07-04T23:11:29.050300Z
1886,2011-07-04T23:15:25.280100Z
1887,2011-07-04T23:20:21.730100Z
1888,2011-07-04T23:25:44.850300Z
1889,2011-07-04T23:27:18.480000Z
1890,2011-07-04T23:43:25.700300Z
1891,2011-07-04T23:52:17.440300Z
1892,2011-07-04T23:54:29.570100Z
1893,2011-07-05T00:05:16.130300Z
1894,2011-07-05T00:09:27.570300Z
1895,2011-07-05T00:10:32.500000Z
1896,2011-07-05T00:13:16.800100Z
1897,2011-07-05T00:15:15.530100Z
1898,2011-07-05T00:36:45.570300Z
1899,2011-07-05T00:39:51.910100Z
1900,2011-07-05T00:42:09.350100Z
1901,2011-07-05T00:51:58.150300Z
1902,2011-07-05T01:00:05.890300Z
1903,2011-07-05T01:03:23.240100Z
1904,2011-07-05T01:05:44.400300Z
1905,2011-07-05T01:05:49.840000Z
1906,2011-07-05T01:06:44.708400Z
1907,2011-07-05T01:09:20.220100Z
1908,2011-07-05T01:11:09.790100Z
1909,2011-07-05T01:30:52.420300Z
1910,2011-07-05T01:38:50.990300Z
1911,2011-07-05T01:47:28.470100Z
1912,2011-07-05T01:53:58.030300Z
1913,2011-07-05T01:59:11.500300Z
1914,2011-07-05T02:00:23.750300Z
1915,2011-07-05T02:05:21.410200Z
1916,2011-07-05T02:19:52.890100Z
1917,2011-07-05T02:21:00.050300Z
1918,2011-07-05T02:27:01.160300Z
1919,2011-07-05T02:31:03.900300Z
1920,2011-07-05T02:31:14.210100Z
1921,2011-07-05T02:32:19.850300Z
1922,2011-07-05T03:13:01.520300Z
1923,2011-07-05T03:48:36.590300Z
1924,2011-07-05T03:50:56.940000Z
1925,2011-07-05T04:22:45.290000Z
1926,2011-07-05T04:36:38.669900Z
1927,2011-07-05T04:40:02.259900Z
1928,2011-07-05T04:44:50.949900Z
1929,2011-07-05T05:08:13.599900Z
1930,2011-07-05T05:19:48.989900Z
1931,2011-07-05T05:27:57.279900Z
1932,2011-07-05T05:31:29.980000Z
1933,2011-07-05T05:36:03.569900Z
1934,2011-07-05T05:39:21.318400Z
1935,2011-07-05T05:49:08.439900Z
1936,2011-07-05T05:53:21.409900Z
1937,2011-07-05T06:04:25.409900Z
1938,2011-07-05T06:13:04.180000Z
1939,2011-07-05T06:18:15.529900Z
1940,2011-07-05T06:22:45.749900Z
1941,2011-07-05T06:23:58.799900Z
1942,2011-07-05T06:40:58.639900Z
1943,2011-07-05T06:56:35.779900Z
1944,2011-07-05T06:57:21.769900Z
1945,2011-07-05T07:00:14.779900Z
1946,2011-07-05T07:20:24.240000Z
1947,2011-07-05T07:22:57.489900Z
1948,2011-07-05T07:24:00.469900Z
1949,2011-07-05T07:52:15.519900Z
1950,2011-07-05T08:00:59.069900Z
1951,2011-07-05T08:03:24.879900Z
1952,2011-07-05T08:20:04.119900Z
1953,2011-07-05T08:25:14.429900Z
1954,2011-07-05T08:49:37.660000Z
1955,2011-07-05T09:13:45.699900Z
1956,2011-07-05T09:26:35.535000Z
1957,2011-07-05T10:08:15.809900Z
1958,2011-07-05T10:08:17.559900Z
1959,2011-07-05T10:08:34.070000Z
1960,2011-07-05T10:24:40.119900Z
1961,2011-07-05T10:30:18.210000Z
1962,2011-07-05T11:35:21.637800Z
1963,2011-07-05T11:54:44.959900Z
1964,2011-07-05T12:03:00.598400Z
1965,2011-07-05T12:11:03.569900Z
1966,2011-07-05T12:13:25.769900Z
1967,2011-07-05T12:23:25.659900Z
1968,2011-07-05T12:51:21.919900Z
1969,2011-07-05T12:54:58.036200Z
1970,2011-07-05T12:58:21.748400Z
1971,2011-07-05T13:03:49.769900Z
1972,2011-07-05T13:21:10.469900Z
1973,2011-07-05T13:40:01.139900Z
1974,2011-07-05T13:48:50.039900Z
1975,2011-07-05T13:52:35.428400Z
1976,2011-07-05T13:56:10.889900Z
1977,2011-07-05T14:13:40.348400Z
1978,2011-07-05T14:16:47.379900Z
1979,2011-07-05T14:32:04.040000Z
1980,2011-07-05T14:34:10.989900Z
1981,2011-07-05T14:40:50.049900Z
1982,2011-07-05T15:23:45.929900Z
1983,2011-07-05T15:34:53.719900Z
1984,2011-07-05T15:55:22.919900Z
1985,2011-07-05T15:58:35.799900Z
1986,2011-07-05T16:06:41.300000Z
1987,2011-07-05T16:11:19.300000Z
1988,2011-07-05T16:19:40.028400Z
1989,2011-07-05T16:22:55.090000Z
1990,2011-07-05T16:28:16.730000Z
1991,2011-07-05T16:31:32.060000Z
1992,2011-07-05T16:34:30.100000Z
1993,2011-07-05T16:37:51.950000Z
1994,2011-07-05T16:40:42.680000Z
1995,2011-07-05T16:46:42.520000Z
1996,2011-07-05T16:47:14.820000Z
1997,2011-07-05T16:49:07.990000Z
1998,2011-07-05T16:51:29.118400Z
1999,2011-07-05T16:55:28.090000Z
2000,2011-07-05T17:03:19.950000Z
2001,2011-07-05T17:03:25.520000Z
2002,2011-07-05T17:06:37.518400Z
2003,2011-07-05T17:10:10.080000Z
2004,2011-07-05T17:26:49.610000Z
2005,2011-07-05T17:46:32.690000Z
2006,2011-07-05T17:51:51.228400Z
2007,2011-07-05T17:54:14.530000Z
2008,2011-07-05T17:55:11.550000Z
2009,2011-07-05T17:56:00.170000Z
2010,2011-07-05T17:56:07.480000Z
2011,2011-07-05T18:03:30.460000Z
2012,2011-07-05T18:05:16.580000Z
2013,2011-07-05T18:12:22.360000Z
2014,2011-07-05T18:22:18.910000Z
2015,2011-07-05T18:31:05.000000Z
2016,2011-07-05T18:43:33.390000Z
2017,2011-07-05T18:49:32.730000Z
2018,2011-07-05T18:58:35.920000Z
2019,2011-07-05T19:02:09.880000Z
2020,2011-07-05T19:08:57.630000Z
2021,2011-07-05T19:13:02.040000Z
2022,2011-07-05T19:13:02.578400Z
2023,2011-07-05T19:17:03.970000Z
2024,2011-07-05T19:24:32.180000Z
2025,2011-07-05T19:28:28.510000Z
2026,2011-07-05T19:33:04.300000Z
2027,2011-07-05T19:45:05.670000Z
2028,2011-07-05T19:47:25.120000Z
2029,2011-07-05T19:52:13.750000Z
2030,2011-07-05T20:00:34.830000Z
2031,2011-07-05T20:07:10.180000Z
2032,2011-07-05T20:14:20.760000Z
2033,2011-07-05T20:27:21.670000Z
2034,2011-07-05T20:32:02.500000Z
2035,2011-07-05T20:32:09.840000Z
2036,2011-07-05T20:41:27.900000Z
2037,2011-07-05T20:48:46.310000Z
2038,2011-07-05T20:49:00.070000Z
2039,2011-07-05T20:52:00.770000Z
2040,2011-07-05T20:53:54.180000Z
2041,2011-07-05T20:57:12.500000Z
2042,2011-07-05T20:58:08.668400Z
2043,2011-07-05T21:02:21.960000Z
2044,2011-07-05T21:06:30.558400Z
2045,2011-07-05T21:07:17.210000Z
2046,2011-07-05T21:09:16.930000Z
2047,2011-07-05T21:15:20.140000Z
2048,2011-07-05T21:26:34.860000Z
2049,2011-07-05T21:28:02.770000Z
2050,2011-07-05T21:32:40.420000Z
2051,2011-07-05T21:37:03.270000Z
2052,2011-07-05T21:41:32.480000Z
2053,2011-07-05T21:43:40.580000Z
2054,2011-07-05T21:44:52.620000Z
2055,2011-07-05T21:57:24.950000Z
2056,2011-07-05T22:00:28.850000Z
2057,2011-07-05T22:18:44.970000Z
2058,2011-07-05T22:22:03.540000Z
2059,2011-07-05T22:22:03.860000Z
2060,2011-07-05T22:33:43.420000Z
2061,2011-07-05T22:37:11.570000Z
2062,2011-07-05T22:37:20.130000Z
2063,2011-07-05T22:39:49.210000Z
2064,2011-07-05T22:41:33.100000Z
2065,2011-07-05T22:43:17.110000Z
2066,2011-07-05T22:44:32.328400Z
2067,2011-07-05T22:56:38.150000Z
2068,2011-07-05T22:59:29.190000Z
2069,2011-07-05T23:08:01.470000Z
2070,2011-07-05T23:15:11.940000Z
2071,2011-07-05T23:25:00.740000Z
2072,2011-07-05T23:26:15.670000Z
2073,2011-07-05T23:27:32.980000Z
2074,2011-07-05T23:30:13.230000Z
2075,2011-07-05T23:36:58.460000Z
2076,2011-07-05T23:37:05.290000Z
2077,2011-07-05T23:38:15.530000Z
2078,2011-07-05T23:47:23.450000Z
2079,2011-07-05T23:58:25.220000Z
2080,2011-07-05T23:59:08.570000Z
2081,2011-07-06T00:06:38.620000Z
2082,2011-07-06T00:08:57.920000Z
2083,2011-07-06T00:11:46.710000Z
2084,2011-07-06T00:12:57.290000Z
2085,2011-07-06T00:20:07.340000Z
2086,2011-07-06T00:26:23.980000Z
2087,2011-07-06T00:29:18.370000Z
2088,2011-07-06T00:30:01.500000Z
2089,2011-07-06T00:36:29.730000Z
2090,2011-07-06T00:41:48.875000Z
2091,2011-07-06T00:43:22.060000Z
2092,2011-07-06T00:44:32.050000Z
2093,2011-07-06T00:54:40.238400Z
2094,2011-07-06T00:55:11.240000Z
2095,2011-07-06T01:08:26.650000Z
2096,2011-07-06T01:15:18.030000Z
2097,2011-07-06T01:19:17.900000Z
2098,2011-07-06T01:21:04.720000Z
2099,2011-07-06T01:23:17.260000Z
2100,2011-07-06T01:50:48.640000Z
2101,2011-07-06T01:53:26.450000Z
2102,2011-07-06T01:56:31.510000Z
2103,2011-07-06T02:00:57.700000Z
2104,2011-07-06T02:04:39.730000Z
2105,2011-07-06T02:05:10.100000Z
2106,2011-07-06T02:10:11.860000Z
2107,2011-07-06T02:12:39.080000Z
2108,2011-07-06T02:16:18.340000Z
2109,2011-07-06T02:22:47.340000Z
2110,2011-07-06T02:30:35.260000Z
2111,2011-07-06T02:50:48.430000Z
2112,2011-07-06T02:54:54.430000Z
2113,2011-07-06T02:59:31.460000Z
2114,2011-07-06T03:11:14.440000Z
2115,2011-07-06T03:11:15.990000Z
2116,2011-07-06T03:12:46.380000Z
2117,2011-07-06T03:18:35.370000Z
2118,2011-07-06T03:19:56.640000Z
2119,2011-07-06T03:33:07.930000Z
2120,2011-07-06T03:37:53.260000Z
2121,2011-07-06T03:41:39.400000Z
2122,2011-07-06T03:43:07.870000Z
2123,2011-07-06T03:47:38.510000Z
2124,2011-07-06T03:49:13.870000Z
2125,2011-07-06T03:52:11.460000Z
2126,2011-07-06T03:58:00.370000Z
2127,2011-07-06T03:59:18.760000Z
2128,2011-07-06T04:04:52.539900Z
2129,2011-07-06T04:12:24.179900Z
2130,2011-07-06T04:16:06.599900Z
2131,2011-07-06T04:26:52.229900Z
2132,2011-07-06T04:28:58.559900Z
2133,2011-07-06T04:43:39.359900Z
2134,2011-07-06T04:52:12.509900Z
2135,2011-07-06T05:01:17.175000Z
2136,2011-07-06T05:07:45.669900Z
2137,2011-07-06T05:07:45.679900Z
2138,2011-07-06T05:13:02.219900Z
2139,2011-07-06T05:14:36.949900Z
2140,2011-07-06T05:15:49.349900Z
2141,2011-07-06T05:15:50.829900Z
2142,2011-07-06T05:19:07.480000Z
2143,2011-07-06T05:19:21.309900Z
2144,2011-07-06T05:24:10.719900Z
2145,2011-07-06T05:30:28.369900Z
2146,2011-07-06T05:31:55.319900Z
2147,2011-07-06T05:34:56.039900Z
2148,2011-07-06T05:44:47.279900Z
2149,2011-07-06T05:45:07.360000Z
2150,2011-07-06T05:50:48.549900Z
2151,2011-07-06T05:51:58.889900Z
2152,2011-07-06T05:56:53.720000Z
2153,2011-07-06T06:02:44.519900Z
2154,2011-07-06T06:03:32.079900Z
2155,2011-07-06T06:08:56.809900Z
2156,2011-07-06T06:10:27.319900Z
2157,2011-07-06T06:24:49.180000Z
2158,2011-07-06T06:33:22.259900Z
2159,2011-07-06T06:41:37.889900Z
2160,2011-07-06T06:46:06.819900Z
2161,2011-07-06T06:52:03.729900Z
2162,2011-07-06T07:03:12.379900Z
2163,2011-07-06T07:05:48.149900Z
2164,2011-07-06T07:07:23.589900Z
2165,2011-07-06T07:09:57.789900Z
2166,2011-07-06T07:32:02.229900Z
2167,2011-07-06T07:35:25.899900Z
2168,2011-07-06T07:40:15.939900Z
2169,2011-07-06T07:51:53.889900Z
2170,2011-07-06T07:54:10.069900Z
2171,2011-07-06T07:55:19.559900Z
2172,2011-07-06T08:02:02.980000Z
2173,2011-07-06T08:06:12.639900Z
2174,2011-07-06T08:16:10.769900Z
2175,2011-07-06T08:17:21.419900Z
2176,2011-07-06T08:18:44.729900Z
2177,2011-07-06T08:21:59.139900Z
2178,2011-07-06T08:27:18.479900Z
2179,2011-07-06T08:27:24.719900Z
2180,2011-07-06T08:33:57.289900Z
2181,2011-07-06T08:34:52.409900Z
2182,2011-07-06T08:34:57.189900Z
2183,2011-07-06T08:36:50.419900Z
2184,2011-07-06T08:43:05.179900Z
2185,2011-07-06T08:44:14.419900Z
2186,2011-07-06T08:50:04.989900Z
2187,2011-07-06T08:51:20.449900Z
2188,2011-07-06T08:56:03.829900Z
2189,2011-07-06T09:02:52.499900Z
2190,2011-07-06T09:07:26.668400Z
2191,2011-07-06T09:12:08.899900Z
2192,2011-07-06T09:15:13.449900Z
2193,2011-07-06T09:44:58.329900Z
2194,2011-07-06T09:49:37.129900Z
2195,2011-07-06T09:55:07.810000Z
2196,2011-07-06T09:59:50.649900Z
2197,2011-07-06T10:00:20.000900Z
2198,2011-07-06T10:03:39.458400Z
2199,2011-07-06T10:05:37.629100Z
2200,2011-07-06T10:12:17.180900Z
2201,2011-07-06T10:18:08.209100Z
2202,2011-07-06T10:21:05.589100Z
2203,2011-07-06T10:21:05.760900Z
2204,2011-07-06T10:32:15.240900Z
2205,2011-07-06T10:36:03.879100Z
2206,2011-07-06T10:40:13.000900Z
2207,2011-07-06T10:41:39.299100Z
2208,2011-07-06T10:42:23.960900Z
2209,2011-07-06T10:44:39.265700Z
2210,2011-07-06T10:51:38.995700Z
2211,2011-07-06T10:52:05.200000Z
2212,2011-07-06T10:57:30.795000Z
2213,2011-07-06T11:23:05.375700Z
2214,2011-07-06T11:25:34.965700Z
2215,2011-07-06T11:27:27.759100Z
2216,2011-07-06T11:30:16.589100Z
2217,2011-07-06T11:30:18.745700Z
2218,2011-07-06T11:32:56.920900Z
2219,2011-07-06T11:42:53.190900Z
2220,2011-07-06T11:46:27.499100Z
2221,2011-07-06T11:47:36.925700Z
2222,2011-07-06T11:50:43.725700Z
2223,2011-07-06T11:59:46.850900Z
2224,2011-07-06T12:03:51.375700Z
2225,2011-07-06T12:07:03.979100Z
2226,2011-07-06T12:26:21.420900Z
2227,2011-07-06T12:30:02.370900Z
2228,2011-07-06T12:32:27.858400Z
2229,2011-07-06T12:41:57.005700Z
2230,2011-07-06T12:48:32.159100Z
2231,2011-07-06T12:56:49.868400Z
2232,2011-07-06T12:59:57.105700Z
2233,2011-07-06T13:02:09.351100Z
2234,2011-07-06T13:03:03.655000Z
2235,2011-07-06T13:05:30.040900Z
2236,2011-07-06T13:19:50.855700Z
2237,2011-07-06T13:28:03.050900Z
2238,2011-07-06T13:36:36.515700Z
2239,2011-07-06T13:40:47.207100Z
2240,2011-07-06T13:43:42.539100Z
2241,2011-07-06T13:46:35.390900Z
2242,2011-07-06T13:58:41.630900Z
2243,2011-07-06T14:04:37.990900Z
2244,2011-07-06T14:06:35.995000Z
2245,2011-07-06T14:08:05.499100Z
2246,2011-07-06T14:11:03.149100Z
2247,2011-07-06T14:16:58.849100Z
2248,2011-07-06T14:40:26.041100Z
2249,2011-07-06T14:48:09.460900Z
2250,2011-07-06T14:51:16.040000Z
2251,2011-07-06T14:55:22.449100Z
2252,2011-07-06T14:59:19.385700Z
2253,2011-07-06T15:06:38.678400Z
2254,2011-07-06T15:11:40.045700Z
2255,2011-07-06T15:17:17.835700Z
2256,2011-07-06T15:17:48.300900Z
2257,2011-07-06T15:22:42.290900Z
2258,2011-07-06T15:23:32.665700Z
2259,2011-07-06T15:25:43.708400Z
2260,2011-07-06T15:26:05.685800Z
2261,2011-07-06T15:26:50.060000Z
2262,2011-07-06T15:28:49.935700Z
2263,2011-07-06T15:32:46.215700Z
2264,2011-07-06T15:37:10.999100Z
2265,2011-07-06T15:43:57.535700Z
2266,2011-07-06T15:46:02.470900Z
2267,2011-07-06T15:52:54.100900Z
2268,2011-07-06T15:52:55.645700Z
2269,2011-07-06T15:54:20.559100Z
2270,2011-07-06T15:58:02.360900Z
2271,2011-07-06T16:01:55.370500Z
2272,2011-07-06T16:07:03.420700Z
2273,2011-07-06T16:23:20.568400Z
2274,2011-07-06T16:26:46.700800Z
2275,2011-07-06T16:29:13.040600Z
2276,2011-07-06T16:33:37.430800Z
2277,2011-07-06T16:34:42.190800Z
2278,2011-07-06T16:41:19.510500Z
2279,2011-07-06T16:45:56.460500Z
2280,2011-07-06T16:49:10.638400Z
2281,2011-07-06T16:50:15.180000Z
2282,2011-07-06T17:02:16.280500Z
2283,2011-07-06T17:02:16.960700Z
2284,2011-07-06T17:07:03.060500Z
2285,2011-07-06T17:08:12.000500Z
2286,2011-07-06T17:08:12.850800Z
2287,2011-07-06T17:09:54.175000Z
2288,2011-07-06T17:13:58.940800Z
2289,2011-07-06T17:15:31.090800Z
2290,2011-07-06T17:20:31.560700Z
2291,2011-07-06T17:30:30.290800Z
2292,2011-07-06T17:38:11.638400Z
2293,2011-07-06T17:39:37.650700Z
2294,2011-07-06T17:42:58.930500Z
2295,2011-07-06T17:44:34.768400Z
2296,2011-07-06T17:50:55.448400Z
2297,2011-07-06T17:53:42.330700Z
2298,2011-07-06T18:04:29.240700Z
2299,2011-07-06T18:24:23.278400Z
2300,2011-07-06T18:27:19.220800Z
2301,2011-07-06T18:30:47.570500Z
2302,2011-07-06T18:36:43.510700Z
2303,2011-07-06T18:38:32.020500Z
2304,2011-07-06T18:40:40.690500Z
2305,2011-07-06T18:41:44.160800Z
2306,2011-07-06T18:43:59.900800Z
2307,2011-07-06T18:44:16.740800Z
2308,2011-07-06T18:46:11.440700Z
2309,2011-07-06T18:53:31.010500Z
2310,2011-07-06T18:54:45.260700Z
2311,2011-07-06T18:57:39.030700Z
2312,2011-07-06T19:00:24.810500Z
2313,2011-07-06T19:10:06.190700Z
2314,2011-07-06T19:12:05.300500Z
2315,2011-07-06T19:13:56.120000Z
2316,2011-07-06T19:16:19.075000Z
2317,2011-07-06T19:21:37.520500Z
2318,2011-07-06T19:29:29.528400Z
2319,2011-07-06T19:33:48.680500Z
2320,2011-07-06T19:40:52.968400Z
2321,2011-07-06T19:42:02.235000Z
2322,2011-07-06T19:44:12.630800Z
2323,2011-07-06T19:50:11.250800Z
2324,2011-07-06T19:51:16.390500Z
2325,2011-07-06T19:52:35.150500Z
2326,2011-07-06T19:53:54.510800Z
2327,2011-07-06T20:00:22.640800Z
2328,2011-07-06T20:00:55.720700Z
2329,2011-07-06T20:11:33.230500Z
2330,2011-07-06T20:13:06.230700Z
2331,2011-07-06T20:14:56.120000Z
2332,2011-07-06T20:22:55.780500Z
2333,2011-07-06T20:29:41.100500Z
2334,2011-07-06T20:31:00.670500Z
2335,2011-07-06T20:39:01.500700Z
2336,2011-07-06T20:39:44.350800Z
2337,2011-07-06T20:40:12.600800Z
2338,2011-07-06T20:48:33.278400Z
2339,2011-07-06T20:54:06.750700Z
2340,2011-07-06T20:57:16.430800Z
2341,2011-07-06T21:07:01.838400Z
2342,2011-07-06T21:08:16.880700Z
2343,2011-07-06T21:15:49.170500Z
2344,2011-07-06T21:33:46.940600Z
2345,2011-07-06T21:40:00.530500Z
2346,2011-07-06T21:43:58.370500Z
2347,2011-07-06T21:47:46.420500Z
2348,2011-07-06T21:54:37.850700Z
2349,2011-07-06T22:01:49.330600Z
2350,2011-07-06T22:11:27.470700Z
2351,2011-07-06T22:14:45.240300Z
2352,2011-07-06T22:17:23.020300Z
2353,2011-07-06T22:19:40.790700Z
2354,2011-07-06T22:23:42.050600Z
2355,2011-07-06T22:34:26.260700Z
2356,2011-07-06T22:45:13.690700Z
2357,2011-07-06T22:48:53.450700Z
2358,2011-07-06T22:51:30.180300Z
2359,2011-07-06T22:51:33.310700Z
2360,2011-07-06T22:55:11.900600Z
2361,2011-07-06T23:00:53.850700Z
2362,2011-07-06T23:05:36.440700Z
2363,2011-07-06T23:11:23.970700Z
2364,2011-07-06T23:13:52.600700Z
2365,2011-07-06T23:15:53.600700Z
2366,2011-07-06T23:17:18.080600Z
2367,2011-07-06T23:19:39.550300Z
2368,2011-07-06T23:20:20.940000Z
2369,2011-07-06T23:23:00.020600Z
2370,2011-07-06T23:35:53.970700Z
2371,2011-07-06T23:43:50.890300Z
2372,2011-07-06T23:47:47.660300Z
2373,2011-07-06T23:52:08.890700Z
2374,2011-07-06T23:54:39.120600Z
2375,2011-07-07T00:00:07.920300Z
2376,2011-07-07T00:02:40.030000Z
2377,2011-07-07T00:22:22.220000Z
2378,2011-07-07T00:23:23.200700Z
2379,2011-07-07T00:27:58.960600Z
2380,2011-07-07T00:31:08.330600Z
2381,2011-07-07T00:33:34.030600Z
2382,2011-07-07T00:40:55.340700Z
2383,2011-07-07T00:45:13.910700Z
2384,2011-07-07T01:11:23.670700Z
2385,2011-07-07T01:13:43.230700Z
2386,2011-07-07T01:16:04.680700Z
2387,2011-07-07T01:24:06.670300Z
2388,2011-07-07T01:27:51.140700Z
2389,2011-07-07T01:29:56.650600Z
2390,2011-07-07T01:36:34.080600Z
2391,2011-07-07T01:45:49.210600Z
2392,2011-07-07T01:57:13.640300Z
2393,2011-07-07T02:00:20.270300Z
2394,2011-07-07T02:14:03.980700Z
2395,2011-07-07T02:18:08.780300Z
2396,2011-07-07T02:24:30.840600Z
2397,2011-07-07T02:29:10.330300Z
2398,2011-07-07T02:29:56.380700Z
2399,2011-07-07T02:37:12.830700Z
2400,2011-07-07T02:41:31.470600Z
2401,2011-07-07T02:45:47.608400Z
2402,2011-07-07T02:48:45.310300Z
2403,2011-07-07T02:53:48.040700Z
2404,2011-07-07T02:56:17.620600Z
2405,2011-07-07T02:59:30.820600Z
2406,2011-07-07T03:05:50.598400Z
2407,2011-07-07T03:06:32.710300Z
2408,2011-07-07T03:08:36.000700Z
2409,2011-07-07T03:14:45.170600Z
2410,2011-07-07T03:17:57.740700Z
2411,2011-07-07T03:23:54.578400Z
2412,2011-07-07T03:56:50.640700Z
2413,2011-07-07T04:11:51.079900Z
2414,2011-07-07T04:14:57.829900Z
2415,2011-07-07T04:20:14.758400Z
2416,2011-07-07T04:22:20.759900Z
2417,2011-07-07T04:25:36.819900Z
2418,2011-07-07T04:42:07.299900Z
2419,2011-07-07T04:43:12.959900Z
2420,2011-07-07T04:45:14.619900Z
2421,2011-07-07T04:46:38.140000Z
2422,2011-07-07T04:46:45.249900Z
2423,2011-07-07T04:50:52.859900Z
2424,2011-07-07T04:52:00.489900Z
2425,2011-07-07T04:53:19.355000Z
2426,2011-07-07T04:53:56.358400Z
2427,2011-07-07T05:02:40.880000Z
2428,2011-07-07T05:10:44.475000Z
2429,2011-07-07T05:11:09.675000Z
2430,2011-07-07T05:14:11.829900Z
2431,2011-07-07T05:18:03.179900Z
2432,2011-07-07T05:25:34.729900Z
2433,2011-07-07T05:28:35.000000Z
2434,2011-07-07T05:29:39.799900Z
2435,2011-07-07T05:30:00.280000Z
2436,2011-07-07T05:38:07.439900Z
2437,2011-07-07T05:52:03.849900Z
2438,2011-07-07T05:55:22.379900Z
2439,2011-07-07T06:04:24.849900Z
2440,2011-07-07T06:14:44.109900Z
2441,2011-07-07T06:23:08.909900Z
2442,2011-07-07T06:28:50.238400Z
2443,2011-07-07T06:31:02.009900Z
2444,2011-07-07T06:35:47.849900Z
2445,2011-07-07T06:37:01.529900Z
2446,2011-07-07T06:44:49.569900Z
2447,2011-07-07T06:55:35.599900Z
2448,2011-07-07T06:55:45.120000Z
2449,2011-07-07T07:09:07.820000Z
2450,2011-07-07T07:12:05.699900Z
2451,2011-07-07T07:22:43.759900Z
2452,2011-07-07T07:25:13.189900Z
2453,2011-07-07T07:27:23.049900Z
2454,2011-07-07T07:33:04.239900Z
2455,2011-07-07T07:37:02.209900Z
2456,2011-07-07T07:39:43.709900Z
2457,2011-07-07T07:44:50.429900Z
2458,2011-07-07T07:47:12.100000Z
2459,2011-07-07T07:50:56.679900Z
2460,2011-07-07T07:55:34.300000Z
2461,2011-07-07T07:57:18.020000Z
2462,2011-07-07T08:06:07.459900Z
2463,2011-07-07T08:07:59.719900Z
2464,2011-07-07T08:11:38.169900Z
2465,2011-07-07T08:25:14.909900Z
2466,2011-07-07T08:43:20.639900Z
2467,2011-07-07T08:43:22.799900Z
2468,2011-07-07T08:52:04.659900Z
2469,2011-07-07T09:04:36.179900Z
2470,2011-07-07T09:14:40.459900Z
2471,2011-07-07T09:19:57.469900Z
2472,2011-07-07T09:26:01.659900Z
2473,2011-07-07T09:30:39.859900Z
2474,2011-07-07T09:34:59.280000Z
2475,2011-07-07T09:43:03.240000Z
2476,2011-07-07T09:45:19.639900Z
2477,2011-07-07T09:49:27.509900Z
2478,2011-07-07T09:54:57.189900Z
